[
{
  "model": "contenttypes.contenttype",
  "fields": {
    "app_label": "admin",
    "model": "logentry"
  }
},
{
  "model": "contenttypes.contenttype",
  "fields": {
    "app_label": "auth",
    "model": "permission"
  }
},
{
  "model": "contenttypes.contenttype",
  "fields": {
    "app_label": "auth",
    "model": "group"
  }
},
{
  "model": "contenttypes.contenttype",
  "fields": {
    "app_label": "auth",
    "model": "user"
  }
},
{
  "model": "contenttypes.contenttype",
  "fields": {
    "app_label": "contenttypes",
    "model": "contenttype"
  }
},
{
  "model": "contenttypes.contenttype",
  "fields": {
    "app_label": "sessions",
    "model": "session"
  }
},
{
  "model": "contenttypes.contenttype",
  "fields": {
    "app_label": "sites",
    "model": "site"
  }
},
{
  "model": "contenttypes.contenttype",
  "fields": {
    "app_label": "dashboard",
    "model": "building"
  }
},
{
  "model": "contenttypes.contenttype",
  "fields": {
    "app_label": "dashboard",
    "model": "tenant"
  }
},
{
  "model": "contenttypes.contenttype",
  "fields": {
    "app_label": "dashboard",
    "model": "unit"
  }
},
{
  "model": "contenttypes.contenttype",
  "fields": {
    "app_label": "dashboard",
    "model": "lease"
  }
},
{
  "model": "contenttypes.contenttype",
  "fields": {
    "app_label": "dashboard",
    "model": "payment"
  }
},
{
  "model": "contenttypes.contenttype",
  "fields": {
    "app_label": "dashboard",
    "model": "maintenancerequest"
  }
},
{
  "model": "contenttypes.contenttype",
  "fields": {
    "app_label": "dashboard",
    "model": "document"
  }
},
{
  "model": "contenttypes.contenttype",
  "fields": {
    "app_label": "dashboard",
    "model": "expense"
  }
},
{
  "model": "contenttypes.contenttype",
  "fields": {
    "app_label": "dashboard",
    "model": "notification"
  }
},
{
  "model": "contenttypes.contenttype",
  "fields": {
    "app_label": "dashboard",
    "model": "company"
  }
},
{
  "model": "contenttypes.contenttype",
  "fields": {
    "app_label": "dashboard",
    "model": "contracttemplate"
  }
},
{
  "model": "contenttypes.contenttype",
  "fields": {
    "app_label": "dashboard",
    "model": "invoice"
  }
},
{
  "model": "contenttypes.contenttype",
  "fields": {
    "app_label": "dashboard",
    "model": "invoiceitem"
  }
},
{
  "model": "contenttypes.contenttype",
  "fields": {
    "app_label": "dashboard",
    "model": "otp"
  }
},
{
  "model": "contenttypes.contenttype",
  "fields": {
    "app_label": "dashboard",
    "model": "userprofile"
  }
},
{
  "model": "contenttypes.contenttype",
  "fields": {
    "app_label": "dashboard",
    "model": "buildingowner"
  }
},
{
  "model": "contenttypes.contenttype",
  "fields": {
    "app_label": "dashboard",
    "model": "realestateoffice"
  }
},
{
  "model": "contenttypes.contenttype",
  "fields": {
    "app_label": "dashboard",
    "model": "commissionagreement"
  }
},
{
  "model": "contenttypes.contenttype",
  "fields": {
    "app_label": "dashboard",
    "model": "rentcollection"
  }
},
{
  "model": "contenttypes.contenttype",
  "fields": {
    "app_label": "dashboard",
    "model": "commissiondistribution"
  }
},
{
  "model": "contenttypes.contenttype",
  "fields": {
    "app_label": "dashboard",
    "model": "securitydeposit"
  }
},
{
  "model": "contenttypes.contenttype",
  "fields": {
    "app_label": "account",
    "model": "emailaddress"
  }
},
{
  "model": "contenttypes.contenttype",
  "fields": {
    "app_label": "account",
    "model": "emailconfirmation"
  }
},
{
  "model": "contenttypes.contenttype",
  "fields": {
    "app_label": "socialaccount",
    "model": "socialaccount"
  }
},
{
  "model": "contenttypes.contenttype",
  "fields": {
    "app_label": "socialaccount",
    "model": "socialapp"
  }
},
{
  "model": "contenttypes.contenttype",
  "fields": {
    "app_label": "socialaccount",
    "model": "socialtoken"
  }
},
{
  "model": "sessions.session",
  "pk": "17nu66ta2ask2m2i34toz5jpji6ft13b",
  "fields": {
    "session_data": ".eJxVjsEKwjAQRP8lZykxTUm2R8FP6DnsZjc0aFtpLCjiv1tLD3qdN_OYlwq43PuwFJlDZtWqozr8ZoTxIuMXMJaeJpy52ugOSnUeMF-7tTviIKe9_ufo1-UqEOsIWFvyrGsCqMEnzdYw1CY1qTHkrAB6cqy9kEQjZDQ2MZL3gNuxIqXkaQzyuOX5qVr9_gCht0Eq:1v9Ob4:Q517YPNxK8AmENRYcui08-5kaikIDx5AwYDQn6-AYdE",
    "expire_date": "2025-10-30T14:04:50.678Z"
  }
},
{
  "model": "sessions.session",
  "pk": "arwowekkrxckzt35coy5ubfxbs381xm7",
  "fields": {
    "session_data": ".eJxVjsEKwjAQRP8lZykxTUm2R8FP6DnsZjc0aFtpLCjiv1tLD3qdN_OYlwq43PuwFJlDZtWqozr8ZoTxIuMXMJaeJpy52ugOSnUeMF-7tTviIKe9_ufo1-UqEOsIWFvyrGsCqMEnzdYw1CY1qTHkrAB6cqy9kEQjZDQ2MZL3gNuxIqXkaQzyuOX5qVr9_gCht0Eq:1v9SD4:O5fRSETobKNXtu9rrvljKo3l-5zNRna-pSVu67LJ0iI",
    "expire_date": "2025-10-30T17:56:18.451Z"
  }
},
{
  "model": "sessions.session",
  "pk": "db4p871p77g3p01y1yagyfs2nfjsjf34",
  "fields": {
    "session_data": ".eJxVjsEKwjAQRP8lZykxTUm2R8FP6DnsZjc0aFtpLCjiv1tLD3qdN_OYlwq43PuwFJlDZtWqozr8ZoTxIuMXMJaeJpy52ugOSnUeMF-7tTviIKe9_ufo1-UqEOsIWFvyrGsCqMEnzdYw1CY1qTHkrAB6cqy9kEQjZDQ2MZL3gNuxIqXkaQzyuOX5qVr9_gCht0Eq:1v9hO6:K8Lw-sylLb2UZ5fkjrAElWGyA5eybZ1tojcMKemyUXs",
    "expire_date": "2025-10-31T10:08:42.953Z"
  }
},
{
  "model": "sessions.session",
  "pk": "kzuomqh1v7hujs3hb8ror0yjcc490i97",
  "fields": {
    "session_data": ".eJxVjsEKwjAQRP8lZykxTUm2R8FP6DnsZjc0aFtpLCjiv1tLD3qdN_OYlwq43PuwFJlDZtWqozr8ZoTxIuMXMJaeJpy52ugOSnUeMF-7tTviIKe9_ufo1-UqEOsIWFvyrGsCqMEnzdYw1CY1qTHkrAB6cqy9kEQjZDQ2MZL3gNuxIqXkaQzyuOX5qVr9_gCht0Eq:1v96lq:58H0waattyF7CnD8N7k8teivTyL_C54cubyvJ40mio8",
    "expire_date": "2025-10-29T19:02:46.801Z"
  }
},
{
  "model": "sessions.session",
  "pk": "rpd1gjrtd2ghpdf720wxewc8xmez91yf",
  "fields": {
    "session_data": ".eJxVjsEKwjAQRP8lZykxTUm2R8FP6DnsZjc0aFtpLCjiv1tLD3qdN_OYlwq43PuwFJlDZtWqozr8ZoTxIuMXMJaeJpy52ugOSnUeMF-7tTviIKe9_ufo1-UqEOsIWFvyrGsCqMEnzdYw1CY1qTHkrAB6cqy9kEQjZDQ2MZL3gNuxIqXkaQzyuOX5qVr9_gCht0Eq:1v8m3C:k6WTCjHKx57A33JWFsTQ3Ytpp_O9iJe7DBaqK6PoT5U",
    "expire_date": "2025-10-28T20:55:18.559Z"
  }
},
{
  "model": "sessions.session",
  "pk": "wl1xy6zlyx3g6rotlhglu54ah6dvguu4",
  "fields": {
    "session_data": ".eJxVjsEKwjAQRP8lZykxTUm2R8FP6DnsZjc0aFtpLCjiv1tLD3qdN_OYlwq43PuwFJlDZtWqozr8ZoTxIuMXMJaeJpy52ugOSnUeMF-7tTviIKe9_ufo1-UqEOsIWFvyrGsCqMEnzdYw1CY1qTHkrAB6cqy9kEQjZDQ2MZL3gNuxIqXkaQzyuOX5qVr9_gCht0Eq:1v9Mpi:LfMbKoFPCaDKF43nT6KXoQ6Kuwou5zVLVFW7FPmnDlo",
    "expire_date": "2025-10-30T12:11:50.358Z"
  }
},
{
  "model": "sessions.session",
  "pk": "x0xq9atqacoxthdw75wjqhe8q8lpo30q",
  "fields": {
    "session_data": ".eJxVjsEKwjAQRP8lZykxTUm2R8FP6DnsZjc0aFtpLCjiv1tLD3qdN_OYlwq43PuwFJlDZtWqozr8ZoTxIuMXMJaeJpy52ugOSnUeMF-7tTviIKe9_ufo1-UqEOsIWFvyrGsCqMEnzdYw1CY1qTHkrAB6cqy9kEQjZDQ2MZL3gNuxIqXkaQzyuOX5qVr9_gCht0Eq:1v8klP:6zlgjwzpZYDSAUMpWRqGGMcbzVfVUmiK00oMw_h88q8",
    "expire_date": "2025-10-28T19:32:51.936Z"
  }
},
{
  "model": "sites.site",
  "fields": {
    "domain": "example.com",
    "name": "example.com"
  }
},
{
  "model": "dashboard.company",
  "pk": 1,
  "fields": {
    "name": "",
    "name_ar": null,
    "name_en": null,
    "logo": "",
    "contact_email": null,
    "contact_phone": null,
    "address": null,
    "address_ar": null,
    "address_en": null
  }
},
{
  "model": "dashboard.building",
  "pk": 1,
  "fields": {
    "name": "يسشيشس",
    "name_ar": "يسشيشس",
    "name_en": "يسشيشس",
    "address": "سسسش",
    "address_ar": "سسسش",
    "address_en": "سسسش"
  }
},
{
  "model": "dashboard.unit",
  "pk": 1,
  "fields": {
    "building": 1,
    "unit_number": "2",
    "unit_type": "apartment",
    "floor": 1,
    "is_available": true
  }
},
{
  "model": "dashboard.unit",
  "pk": 2,
  "fields": {
    "building": 1,
    "unit_number": "o",
    "unit_type": "apartment",
    "floor": 8,
    "is_available": true
  }
},
{
  "model": "dashboard.lease",
  "pk": 80,
  "fields": {
    "unit": 1,
    "tenant": 1,
    "contract_number": "12",
    "contract_form_number": "13",
    "monthly_rent": "123.00",
    "start_date": "2025-10-17",
    "end_date": "2025-10-31",
    "electricity_meter": null,
    "water_meter": null,
    "status": "renewed",
    "office_fee": "5.00",
    "admin_fee": "1.00",
    "registration_fee": "44.28",
    "cancellation_date": null,
    "cancellation_reason": null
  }
},
{
  "model": "dashboard.lease",
  "pk": 81,
  "fields": {
    "unit": 1,
    "tenant": 1,
    "contract_number": "12-R1",
    "contract_form_number": null,
    "monthly_rent": "123.00",
    "start_date": "2025-10-17",
    "end_date": "2025-10-31",
    "electricity_meter": null,
    "water_meter": null,
    "status": "renewed",
    "office_fee": "5.00",
    "admin_fee": "1.00",
    "registration_fee": "44.28",
    "cancellation_date": null,
    "cancellation_reason": null
  }
},
{
  "model": "dashboard.lease",
  "pk": 82,
  "fields": {
    "unit": 1,
    "tenant": 1,
    "contract_number": "12-R1-R1",
    "contract_form_number": null,
    "monthly_rent": "123.00",
    "start_date": "2025-10-17",
    "end_date": "2025-10-31",
    "electricity_meter": null,
    "water_meter": null,
    "status": "renewed",
    "office_fee": "5.00",
    "admin_fee": "1.00",
    "registration_fee": "44.28",
    "cancellation_date": null,
    "cancellation_reason": null
  }
},
{
  "model": "dashboard.lease",
  "pk": 83,
  "fields": {
    "unit": 1,
    "tenant": 1,
    "contract_number": "12-R1-R1-R1",
    "contract_form_number": null,
    "monthly_rent": "123.00",
    "start_date": "2025-11-01",
    "end_date": "2026-01-31",
    "electricity_meter": null,
    "water_meter": null,
    "status": "cancelled",
    "office_fee": "5.00",
    "admin_fee": "1.00",
    "registration_fee": "44.28",
    "cancellation_date": "2025-10-17",
    "cancellation_reason": "ثصصث"
  }
},
{
  "model": "dashboard.lease",
  "pk": 84,
  "fields": {
    "unit": 1,
    "tenant": 1,
    "contract_number": "١٢٣",
    "contract_form_number": "١٢٣٣",
    "monthly_rent": "123.00",
    "start_date": "2025-10-17",
    "end_date": "2025-10-31",
    "electricity_meter": null,
    "water_meter": null,
    "status": "cancelled",
    "office_fee": "5.00",
    "admin_fee": "1.00",
    "registration_fee": "44.28",
    "cancellation_date": "2025-10-17",
    "cancellation_reason": "ب"
  }
},
{
  "model": "dashboard.document",
  "pk": 135,
  "fields": {
    "lease": 80,
    "title": "فاتورة رسوم تسجيل عقد - 12",
    "file": "lease_documents/lease_initial_invoice_12.pdf",
    "uploaded_at": "2025-10-17T10:09:19.302Z"
  }
},
{
  "model": "dashboard.document",
  "pk": 136,
  "fields": {
    "lease": 80,
    "title": "استمارة تجديد عقد - 12",
    "file": "lease_documents/lease_renewal_12.pdf",
    "uploaded_at": "2025-10-17T10:09:55.434Z"
  }
},
{
  "model": "dashboard.document",
  "pk": 137,
  "fields": {
    "lease": 81,
    "title": "فاتورة رسوم تسجيل عقد - 12-R1",
    "file": "lease_documents/lease_initial_invoice_12-R1.pdf",
    "uploaded_at": "2025-10-17T10:09:56.347Z"
  }
},
{
  "model": "dashboard.document",
  "pk": 138,
  "fields": {
    "lease": 81,
    "title": "استمارة تجديد عقد - 12-R1",
    "file": "lease_documents/lease_renewal_12-R1.pdf",
    "uploaded_at": "2025-10-17T10:09:57.380Z"
  }
},
{
  "model": "dashboard.document",
  "pk": 139,
  "fields": {
    "lease": 81,
    "title": "استمارة تجديد عقد - 12-R1",
    "file": "lease_documents/lease_renewal_12-R1_d35E1xV.pdf",
    "uploaded_at": "2025-10-17T10:36:03.258Z"
  }
},
{
  "model": "dashboard.document",
  "pk": 140,
  "fields": {
    "lease": 82,
    "title": "فاتورة رسوم تسجيل عقد - 12-R1-R1",
    "file": "lease_documents/lease_initial_invoice_12-R1-R1.pdf",
    "uploaded_at": "2025-10-17T10:36:04.054Z"
  }
},
{
  "model": "dashboard.document",
  "pk": 141,
  "fields": {
    "lease": 82,
    "title": "استمارة تجديد عقد - 12-R1-R1",
    "file": "lease_documents/lease_renewal_12-R1-R1.pdf",
    "uploaded_at": "2025-10-17T10:36:05.466Z"
  }
},
{
  "model": "dashboard.document",
  "pk": 142,
  "fields": {
    "lease": 82,
    "title": "فاتورة رسوم تجديد عقد - 12-R1-R1",
    "file": "lease_documents/lease_renewal_invoice_12-R1-R1.pdf",
    "uploaded_at": "2025-10-17T10:36:05.886Z"
  }
},
{
  "model": "dashboard.document",
  "pk": 143,
  "fields": {
    "lease": 82,
    "title": "استمارة تجديد عقد - 12-R1-R1",
    "file": "lease_documents/lease_renewal_12-R1-R1_m7ilukp.pdf",
    "uploaded_at": "2025-10-17T10:40:05.645Z"
  }
},
{
  "model": "dashboard.document",
  "pk": 144,
  "fields": {
    "lease": 83,
    "title": "فاتورة رسوم تسجيل عقد - 12-R1-R1-R1",
    "file": "lease_documents/lease_initial_invoice_12-R1-R1-R1.pdf",
    "uploaded_at": "2025-10-17T10:40:06.561Z"
  }
},
{
  "model": "dashboard.document",
  "pk": 145,
  "fields": {
    "lease": 83,
    "title": "استمارة تجديد عقد - 12-R1-R1-R1",
    "file": "lease_documents/lease_renewal_12-R1-R1-R1.pdf",
    "uploaded_at": "2025-10-17T10:40:07.622Z"
  }
},
{
  "model": "dashboard.document",
  "pk": 146,
  "fields": {
    "lease": 83,
    "title": "فاتورة رسوم تجديد عقد - 12-R1-R1-R1",
    "file": "lease_documents/lease_renewal_invoice_12-R1-R1-R1.pdf",
    "uploaded_at": "2025-10-17T10:40:08.508Z"
  }
},
{
  "model": "dashboard.document",
  "pk": 147,
  "fields": {
    "lease": 83,
    "title": "استمارة إلغاء عقد - 12-R1-R1-R1",
    "file": "lease_documents/lease_cancellation_12-R1-R1-R1.pdf",
    "uploaded_at": "2025-10-17T10:40:59.261Z"
  }
},
{
  "model": "dashboard.document",
  "pk": 148,
  "fields": {
    "lease": 83,
    "title": "استمارة إلغاء عقد - 12-R1-R1-R1",
    "file": "lease_documents/lease_cancellation_12-R1-R1-R1_uVni2OR.pdf",
    "uploaded_at": "2025-10-17T10:40:59.402Z"
  }
},
{
  "model": "dashboard.document",
  "pk": 149,
  "fields": {
    "lease": 84,
    "title": "فاتورة رسوم تسجيل عقد - ١٢٣",
    "file": "lease_documents/lease_initial_invoice_١٢٣.pdf",
    "uploaded_at": "2025-10-17T10:45:58.848Z"
  }
},
{
  "model": "dashboard.document",
  "pk": 150,
  "fields": {
    "lease": 84,
    "title": "استمارة إلغاء عقد - ١٢٣",
    "file": "lease_documents/lease_cancellation_١٢٣.pdf",
    "uploaded_at": "2025-10-17T10:46:11.904Z"
  }
},
{
  "model": "dashboard.invoice",
  "pk": 1,
  "fields": {
    "tenant": 1,
    "lease": 82,
    "invoice_number": "REN-12-R1-R1-20251017",
    "issue_date": "2025-10-17",
    "due_date": "2025-11-16",
    "status": "draft",
    "notes": "فاتورة رسوم تجديد عقد الإيجار"
  }
},
{
  "model": "dashboard.invoice",
  "pk": 2,
  "fields": {
    "tenant": 1,
    "lease": 83,
    "invoice_number": "REN-12-R1-R1-R1-20251017",
    "issue_date": "2025-10-17",
    "due_date": "2025-11-16",
    "status": "draft",
    "notes": "فاتورة رسوم تجديد عقد الإيجار"
  }
},
{
  "model": "dashboard.invoiceitem",
  "pk": 1,
  "fields": {
    "invoice": 1,
    "description": "رسوم المكتب - تجديد العقد",
    "amount": "5.00"
  }
},
{
  "model": "dashboard.invoiceitem",
  "pk": 2,
  "fields": {
    "invoice": 1,
    "description": "رسوم إدارية - تجديد العقد",
    "amount": "1.00"
  }
},
{
  "model": "dashboard.invoiceitem",
  "pk": 3,
  "fields": {
    "invoice": 2,
    "description": "رسوم المكتب - تجديد العقد",
    "amount": "5.00"
  }
},
{
  "model": "dashboard.invoiceitem",
  "pk": 4,
  "fields": {
    "invoice": 2,
    "description": "رسوم إدارية - تجديد العقد",
    "amount": "1.00"
  }
},
{
  "model": "auth.permission",
  "fields": {
    "name": "Can add log entry",
    "content_type": [
      "admin",
      "logentry"
    ],
    "codename": "add_logentry"
  }
},
{
  "model": "auth.permission",
  "fields": {
    "name": "Can change log entry",
    "content_type": [
      "admin",
      "logentry"
    ],
    "codename": "change_logentry"
  }
},
{
  "model": "auth.permission",
  "fields": {
    "name": "Can delete log entry",
    "content_type": [
      "admin",
      "logentry"
    ],
    "codename": "delete_logentry"
  }
},
{
  "model": "auth.permission",
  "fields": {
    "name": "Can view log entry",
    "content_type": [
      "admin",
      "logentry"
    ],
    "codename": "view_logentry"
  }
},
{
  "model": "auth.permission",
  "fields": {
    "name": "Can add permission",
    "content_type": [
      "auth",
      "permission"
    ],
    "codename": "add_permission"
  }
},
{
  "model": "auth.permission",
  "fields": {
    "name": "Can change permission",
    "content_type": [
      "auth",
      "permission"
    ],
    "codename": "change_permission"
  }
},
{
  "model": "auth.permission",
  "fields": {
    "name": "Can delete permission",
    "content_type": [
      "auth",
      "permission"
    ],
    "codename": "delete_permission"
  }
},
{
  "model": "auth.permission",
  "fields": {
    "name": "Can view permission",
    "content_type": [
      "auth",
      "permission"
    ],
    "codename": "view_permission"
  }
},
{
  "model": "auth.permission",
  "fields": {
    "name": "Can add group",
    "content_type": [
      "auth",
      "group"
    ],
    "codename": "add_group"
  }
},
{
  "model": "auth.permission",
  "fields": {
    "name": "Can change group",
    "content_type": [
      "auth",
      "group"
    ],
    "codename": "change_group"
  }
},
{
  "model": "auth.permission",
  "fields": {
    "name": "Can delete group",
    "content_type": [
      "auth",
      "group"
    ],
    "codename": "delete_group"
  }
},
{
  "model": "auth.permission",
  "fields": {
    "name": "Can view group",
    "content_type": [
      "auth",
      "group"
    ],
    "codename": "view_group"
  }
},
{
  "model": "auth.permission",
  "fields": {
    "name": "Can add user",
    "content_type": [
      "auth",
      "user"
    ],
    "codename": "add_user"
  }
},
{
  "model": "auth.permission",
  "fields": {
    "name": "Can change user",
    "content_type": [
      "auth",
      "user"
    ],
    "codename": "change_user"
  }
},
{
  "model": "auth.permission",
  "fields": {
    "name": "Can delete user",
    "content_type": [
      "auth",
      "user"
    ],
    "codename": "delete_user"
  }
},
{
  "model": "auth.permission",
  "fields": {
    "name": "Can view user",
    "content_type": [
      "auth",
      "user"
    ],
    "codename": "view_user"
  }
},
{
  "model": "auth.permission",
  "fields": {
    "name": "Can add content type",
    "content_type": [
      "contenttypes",
      "contenttype"
    ],
    "codename": "add_contenttype"
  }
},
{
  "model": "auth.permission",
  "fields": {
    "name": "Can change content type",
    "content_type": [
      "contenttypes",
      "contenttype"
    ],
    "codename": "change_contenttype"
  }
},
{
  "model": "auth.permission",
  "fields": {
    "name": "Can delete content type",
    "content_type": [
      "contenttypes",
      "contenttype"
    ],
    "codename": "delete_contenttype"
  }
},
{
  "model": "auth.permission",
  "fields": {
    "name": "Can view content type",
    "content_type": [
      "contenttypes",
      "contenttype"
    ],
    "codename": "view_contenttype"
  }
},
{
  "model": "auth.permission",
  "fields": {
    "name": "Can add session",
    "content_type": [
      "sessions",
      "session"
    ],
    "codename": "add_session"
  }
},
{
  "model": "auth.permission",
  "fields": {
    "name": "Can change session",
    "content_type": [
      "sessions",
      "session"
    ],
    "codename": "change_session"
  }
},
{
  "model": "auth.permission",
  "fields": {
    "name": "Can delete session",
    "content_type": [
      "sessions",
      "session"
    ],
    "codename": "delete_session"
  }
},
{
  "model": "auth.permission",
  "fields": {
    "name": "Can view session",
    "content_type": [
      "sessions",
      "session"
    ],
    "codename": "view_session"
  }
},
{
  "model": "auth.permission",
  "fields": {
    "name": "Can add site",
    "content_type": [
      "sites",
      "site"
    ],
    "codename": "add_site"
  }
},
{
  "model": "auth.permission",
  "fields": {
    "name": "Can change site",
    "content_type": [
      "sites",
      "site"
    ],
    "codename": "change_site"
  }
},
{
  "model": "auth.permission",
  "fields": {
    "name": "Can delete site",
    "content_type": [
      "sites",
      "site"
    ],
    "codename": "delete_site"
  }
},
{
  "model": "auth.permission",
  "fields": {
    "name": "Can view site",
    "content_type": [
      "sites",
      "site"
    ],
    "codename": "view_site"
  }
},
{
  "model": "auth.permission",
  "fields": {
    "name": "Can add مبنى",
    "content_type": [
      "dashboard",
      "building"
    ],
    "codename": "add_building"
  }
},
{
  "model": "auth.permission",
  "fields": {
    "name": "Can change مبنى",
    "content_type": [
      "dashboard",
      "building"
    ],
    "codename": "change_building"
  }
},
{
  "model": "auth.permission",
  "fields": {
    "name": "Can delete مبنى",
    "content_type": [
      "dashboard",
      "building"
    ],
    "codename": "delete_building"
  }
},
{
  "model": "auth.permission",
  "fields": {
    "name": "Can view مبنى",
    "content_type": [
      "dashboard",
      "building"
    ],
    "codename": "view_building"
  }
},
{
  "model": "auth.permission",
  "fields": {
    "name": "Can add مستأجر",
    "content_type": [
      "dashboard",
      "tenant"
    ],
    "codename": "add_tenant"
  }
},
{
  "model": "auth.permission",
  "fields": {
    "name": "Can change مستأجر",
    "content_type": [
      "dashboard",
      "tenant"
    ],
    "codename": "change_tenant"
  }
},
{
  "model": "auth.permission",
  "fields": {
    "name": "Can delete مستأجر",
    "content_type": [
      "dashboard",
      "tenant"
    ],
    "codename": "delete_tenant"
  }
},
{
  "model": "auth.permission",
  "fields": {
    "name": "Can view مستأجر",
    "content_type": [
      "dashboard",
      "tenant"
    ],
    "codename": "view_tenant"
  }
},
{
  "model": "auth.permission",
  "fields": {
    "name": "Can add وحدة",
    "content_type": [
      "dashboard",
      "unit"
    ],
    "codename": "add_unit"
  }
},
{
  "model": "auth.permission",
  "fields": {
    "name": "Can change وحدة",
    "content_type": [
      "dashboard",
      "unit"
    ],
    "codename": "change_unit"
  }
},
{
  "model": "auth.permission",
  "fields": {
    "name": "Can delete وحدة",
    "content_type": [
      "dashboard",
      "unit"
    ],
    "codename": "delete_unit"
  }
},
{
  "model": "auth.permission",
  "fields": {
    "name": "Can view وحدة",
    "content_type": [
      "dashboard",
      "unit"
    ],
    "codename": "view_unit"
  }
},
{
  "model": "auth.permission",
  "fields": {
    "name": "Can add عقد إيجار",
    "content_type": [
      "dashboard",
      "lease"
    ],
    "codename": "add_lease"
  }
},
{
  "model": "auth.permission",
  "fields": {
    "name": "Can change عقد إيجار",
    "content_type": [
      "dashboard",
      "lease"
    ],
    "codename": "change_lease"
  }
},
{
  "model": "auth.permission",
  "fields": {
    "name": "Can delete عقد إيجار",
    "content_type": [
      "dashboard",
      "lease"
    ],
    "codename": "delete_lease"
  }
},
{
  "model": "auth.permission",
  "fields": {
    "name": "Can view عقد إيجار",
    "content_type": [
      "dashboard",
      "lease"
    ],
    "codename": "view_lease"
  }
},
{
  "model": "auth.permission",
  "fields": {
    "name": "Can add دفعة",
    "content_type": [
      "dashboard",
      "payment"
    ],
    "codename": "add_payment"
  }
},
{
  "model": "auth.permission",
  "fields": {
    "name": "Can change دفعة",
    "content_type": [
      "dashboard",
      "payment"
    ],
    "codename": "change_payment"
  }
},
{
  "model": "auth.permission",
  "fields": {
    "name": "Can delete دفعة",
    "content_type": [
      "dashboard",
      "payment"
    ],
    "codename": "delete_payment"
  }
},
{
  "model": "auth.permission",
  "fields": {
    "name": "Can view دفعة",
    "content_type": [
      "dashboard",
      "payment"
    ],
    "codename": "view_payment"
  }
},
{
  "model": "auth.permission",
  "fields": {
    "name": "Can add طلب صيانة",
    "content_type": [
      "dashboard",
      "maintenancerequest"
    ],
    "codename": "add_maintenancerequest"
  }
},
{
  "model": "auth.permission",
  "fields": {
    "name": "Can change طلب صيانة",
    "content_type": [
      "dashboard",
      "maintenancerequest"
    ],
    "codename": "change_maintenancerequest"
  }
},
{
  "model": "auth.permission",
  "fields": {
    "name": "Can delete طلب صيانة",
    "content_type": [
      "dashboard",
      "maintenancerequest"
    ],
    "codename": "delete_maintenancerequest"
  }
},
{
  "model": "auth.permission",
  "fields": {
    "name": "Can view طلب صيانة",
    "content_type": [
      "dashboard",
      "maintenancerequest"
    ],
    "codename": "view_maintenancerequest"
  }
},
{
  "model": "auth.permission",
  "fields": {
    "name": "Can add مستند",
    "content_type": [
      "dashboard",
      "document"
    ],
    "codename": "add_document"
  }
},
{
  "model": "auth.permission",
  "fields": {
    "name": "Can change مستند",
    "content_type": [
      "dashboard",
      "document"
    ],
    "codename": "change_document"
  }
},
{
  "model": "auth.permission",
  "fields": {
    "name": "Can delete مستند",
    "content_type": [
      "dashboard",
      "document"
    ],
    "codename": "delete_document"
  }
},
{
  "model": "auth.permission",
  "fields": {
    "name": "Can view مستند",
    "content_type": [
      "dashboard",
      "document"
    ],
    "codename": "view_document"
  }
},
{
  "model": "auth.permission",
  "fields": {
    "name": "Can add مصروف",
    "content_type": [
      "dashboard",
      "expense"
    ],
    "codename": "add_expense"
  }
},
{
  "model": "auth.permission",
  "fields": {
    "name": "Can change مصروف",
    "content_type": [
      "dashboard",
      "expense"
    ],
    "codename": "change_expense"
  }
},
{
  "model": "auth.permission",
  "fields": {
    "name": "Can delete مصروف",
    "content_type": [
      "dashboard",
      "expense"
    ],
    "codename": "delete_expense"
  }
},
{
  "model": "auth.permission",
  "fields": {
    "name": "Can view مصروف",
    "content_type": [
      "dashboard",
      "expense"
    ],
    "codename": "view_expense"
  }
},
{
  "model": "auth.permission",
  "fields": {
    "name": "Can add إشعار",
    "content_type": [
      "dashboard",
      "notification"
    ],
    "codename": "add_notification"
  }
},
{
  "model": "auth.permission",
  "fields": {
    "name": "Can change إشعار",
    "content_type": [
      "dashboard",
      "notification"
    ],
    "codename": "change_notification"
  }
},
{
  "model": "auth.permission",
  "fields": {
    "name": "Can delete إشعار",
    "content_type": [
      "dashboard",
      "notification"
    ],
    "codename": "delete_notification"
  }
},
{
  "model": "auth.permission",
  "fields": {
    "name": "Can view إشعار",
    "content_type": [
      "dashboard",
      "notification"
    ],
    "codename": "view_notification"
  }
},
{
  "model": "auth.permission",
  "fields": {
    "name": "Can add ملف الشركة",
    "content_type": [
      "dashboard",
      "company"
    ],
    "codename": "add_company"
  }
},
{
  "model": "auth.permission",
  "fields": {
    "name": "Can change ملف الشركة",
    "content_type": [
      "dashboard",
      "company"
    ],
    "codename": "change_company"
  }
},
{
  "model": "auth.permission",
  "fields": {
    "name": "Can delete ملف الشركة",
    "content_type": [
      "dashboard",
      "company"
    ],
    "codename": "delete_company"
  }
},
{
  "model": "auth.permission",
  "fields": {
    "name": "Can view ملف الشركة",
    "content_type": [
      "dashboard",
      "company"
    ],
    "codename": "view_company"
  }
},
{
  "model": "auth.permission",
  "fields": {
    "name": "Can add قالب عقد",
    "content_type": [
      "dashboard",
      "contracttemplate"
    ],
    "codename": "add_contracttemplate"
  }
},
{
  "model": "auth.permission",
  "fields": {
    "name": "Can change قالب عقد",
    "content_type": [
      "dashboard",
      "contracttemplate"
    ],
    "codename": "change_contracttemplate"
  }
},
{
  "model": "auth.permission",
  "fields": {
    "name": "Can delete قالب عقد",
    "content_type": [
      "dashboard",
      "contracttemplate"
    ],
    "codename": "delete_contracttemplate"
  }
},
{
  "model": "auth.permission",
  "fields": {
    "name": "Can view قالب عقد",
    "content_type": [
      "dashboard",
      "contracttemplate"
    ],
    "codename": "view_contracttemplate"
  }
},
{
  "model": "auth.permission",
  "fields": {
    "name": "Can add فاتورة",
    "content_type": [
      "dashboard",
      "invoice"
    ],
    "codename": "add_invoice"
  }
},
{
  "model": "auth.permission",
  "fields": {
    "name": "Can change فاتورة",
    "content_type": [
      "dashboard",
      "invoice"
    ],
    "codename": "change_invoice"
  }
},
{
  "model": "auth.permission",
  "fields": {
    "name": "Can delete فاتورة",
    "content_type": [
      "dashboard",
      "invoice"
    ],
    "codename": "delete_invoice"
  }
},
{
  "model": "auth.permission",
  "fields": {
    "name": "Can view فاتورة",
    "content_type": [
      "dashboard",
      "invoice"
    ],
    "codename": "view_invoice"
  }
},
{
  "model": "auth.permission",
  "fields": {
    "name": "Can add بند الفاتورة",
    "content_type": [
      "dashboard",
      "invoiceitem"
    ],
    "codename": "add_invoiceitem"
  }
},
{
  "model": "auth.permission",
  "fields": {
    "name": "Can change بند الفاتورة",
    "content_type": [
      "dashboard",
      "invoiceitem"
    ],
    "codename": "change_invoiceitem"
  }
},
{
  "model": "auth.permission",
  "fields": {
    "name": "Can delete بند الفاتورة",
    "content_type": [
      "dashboard",
      "invoiceitem"
    ],
    "codename": "delete_invoiceitem"
  }
},
{
  "model": "auth.permission",
  "fields": {
    "name": "Can view بند الفاتورة",
    "content_type": [
      "dashboard",
      "invoiceitem"
    ],
    "codename": "view_invoiceitem"
  }
},
{
  "model": "auth.permission",
  "fields": {
    "name": "Can add رمز التحقق",
    "content_type": [
      "dashboard",
      "otp"
    ],
    "codename": "add_otp"
  }
},
{
  "model": "auth.permission",
  "fields": {
    "name": "Can change رمز التحقق",
    "content_type": [
      "dashboard",
      "otp"
    ],
    "codename": "change_otp"
  }
},
{
  "model": "auth.permission",
  "fields": {
    "name": "Can delete رمز التحقق",
    "content_type": [
      "dashboard",
      "otp"
    ],
    "codename": "delete_otp"
  }
},
{
  "model": "auth.permission",
  "fields": {
    "name": "Can view رمز التحقق",
    "content_type": [
      "dashboard",
      "otp"
    ],
    "codename": "view_otp"
  }
},
{
  "model": "auth.permission",
  "fields": {
    "name": "Can add ملف المستخدم",
    "content_type": [
      "dashboard",
      "userprofile"
    ],
    "codename": "add_userprofile"
  }
},
{
  "model": "auth.permission",
  "fields": {
    "name": "Can change ملف المستخدم",
    "content_type": [
      "dashboard",
      "userprofile"
    ],
    "codename": "change_userprofile"
  }
},
{
  "model": "auth.permission",
  "fields": {
    "name": "Can delete ملف المستخدم",
    "content_type": [
      "dashboard",
      "userprofile"
    ],
    "codename": "delete_userprofile"
  }
},
{
  "model": "auth.permission",
  "fields": {
    "name": "Can view ملف المستخدم",
    "content_type": [
      "dashboard",
      "userprofile"
    ],
    "codename": "view_userprofile"
  }
},
{
  "model": "auth.permission",
  "fields": {
    "name": "Can add مالك مبنى",
    "content_type": [
      "dashboard",
      "buildingowner"
    ],
    "codename": "add_buildingowner"
  }
},
{
  "model": "auth.permission",
  "fields": {
    "name": "Can change مالك مبنى",
    "content_type": [
      "dashboard",
      "buildingowner"
    ],
    "codename": "change_buildingowner"
  }
},
{
  "model": "auth.permission",
  "fields": {
    "name": "Can delete مالك مبنى",
    "content_type": [
      "dashboard",
      "buildingowner"
    ],
    "codename": "delete_buildingowner"
  }
},
{
  "model": "auth.permission",
  "fields": {
    "name": "Can view مالك مبنى",
    "content_type": [
      "dashboard",
      "buildingowner"
    ],
    "codename": "view_buildingowner"
  }
},
{
  "model": "auth.permission",
  "fields": {
    "name": "Can add مكتب عقاري",
    "content_type": [
      "dashboard",
      "realestateoffice"
    ],
    "codename": "add_realestateoffice"
  }
},
{
  "model": "auth.permission",
  "fields": {
    "name": "Can change مكتب عقاري",
    "content_type": [
      "dashboard",
      "realestateoffice"
    ],
    "codename": "change_realestateoffice"
  }
},
{
  "model": "auth.permission",
  "fields": {
    "name": "Can delete مكتب عقاري",
    "content_type": [
      "dashboard",
      "realestateoffice"
    ],
    "codename": "delete_realestateoffice"
  }
},
{
  "model": "auth.permission",
  "fields": {
    "name": "Can view مكتب عقاري",
    "content_type": [
      "dashboard",
      "realestateoffice"
    ],
    "codename": "view_realestateoffice"
  }
},
{
  "model": "auth.permission",
  "fields": {
    "name": "Can add اتفاقية عمولة",
    "content_type": [
      "dashboard",
      "commissionagreement"
    ],
    "codename": "add_commissionagreement"
  }
},
{
  "model": "auth.permission",
  "fields": {
    "name": "Can change اتفاقية عمولة",
    "content_type": [
      "dashboard",
      "commissionagreement"
    ],
    "codename": "change_commissionagreement"
  }
},
{
  "model": "auth.permission",
  "fields": {
    "name": "Can delete اتفاقية عمولة",
    "content_type": [
      "dashboard",
      "commissionagreement"
    ],
    "codename": "delete_commissionagreement"
  }
},
{
  "model": "auth.permission",
  "fields": {
    "name": "Can view اتفاقية عمولة",
    "content_type": [
      "dashboard",
      "commissionagreement"
    ],
    "codename": "view_commissionagreement"
  }
},
{
  "model": "auth.permission",
  "fields": {
    "name": "Can add استلام إيجار",
    "content_type": [
      "dashboard",
      "rentcollection"
    ],
    "codename": "add_rentcollection"
  }
},
{
  "model": "auth.permission",
  "fields": {
    "name": "Can change استلام إيجار",
    "content_type": [
      "dashboard",
      "rentcollection"
    ],
    "codename": "change_rentcollection"
  }
},
{
  "model": "auth.permission",
  "fields": {
    "name": "Can delete استلام إيجار",
    "content_type": [
      "dashboard",
      "rentcollection"
    ],
    "codename": "delete_rentcollection"
  }
},
{
  "model": "auth.permission",
  "fields": {
    "name": "Can view استلام إيجار",
    "content_type": [
      "dashboard",
      "rentcollection"
    ],
    "codename": "view_rentcollection"
  }
},
{
  "model": "auth.permission",
  "fields": {
    "name": "Can add توزيع عمولة",
    "content_type": [
      "dashboard",
      "commissiondistribution"
    ],
    "codename": "add_commissiondistribution"
  }
},
{
  "model": "auth.permission",
  "fields": {
    "name": "Can change توزيع عمولة",
    "content_type": [
      "dashboard",
      "commissiondistribution"
    ],
    "codename": "change_commissiondistribution"
  }
},
{
  "model": "auth.permission",
  "fields": {
    "name": "Can delete توزيع عمولة",
    "content_type": [
      "dashboard",
      "commissiondistribution"
    ],
    "codename": "delete_commissiondistribution"
  }
},
{
  "model": "auth.permission",
  "fields": {
    "name": "Can view توزيع عمولة",
    "content_type": [
      "dashboard",
      "commissiondistribution"
    ],
    "codename": "view_commissiondistribution"
  }
},
{
  "model": "auth.permission",
  "fields": {
    "name": "Can add تأمين",
    "content_type": [
      "dashboard",
      "securitydeposit"
    ],
    "codename": "add_securitydeposit"
  }
},
{
  "model": "auth.permission",
  "fields": {
    "name": "Can change تأمين",
    "content_type": [
      "dashboard",
      "securitydeposit"
    ],
    "codename": "change_securitydeposit"
  }
},
{
  "model": "auth.permission",
  "fields": {
    "name": "Can delete تأمين",
    "content_type": [
      "dashboard",
      "securitydeposit"
    ],
    "codename": "delete_securitydeposit"
  }
},
{
  "model": "auth.permission",
  "fields": {
    "name": "Can view تأمين",
    "content_type": [
      "dashboard",
      "securitydeposit"
    ],
    "codename": "view_securitydeposit"
  }
},
{
  "model": "auth.permission",
  "fields": {
    "name": "Can add email address",
    "content_type": [
      "account",
      "emailaddress"
    ],
    "codename": "add_emailaddress"
  }
},
{
  "model": "auth.permission",
  "fields": {
    "name": "Can change email address",
    "content_type": [
      "account",
      "emailaddress"
    ],
    "codename": "change_emailaddress"
  }
},
{
  "model": "auth.permission",
  "fields": {
    "name": "Can delete email address",
    "content_type": [
      "account",
      "emailaddress"
    ],
    "codename": "delete_emailaddress"
  }
},
{
  "model": "auth.permission",
  "fields": {
    "name": "Can view email address",
    "content_type": [
      "account",
      "emailaddress"
    ],
    "codename": "view_emailaddress"
  }
},
{
  "model": "auth.permission",
  "fields": {
    "name": "Can add email confirmation",
    "content_type": [
      "account",
      "emailconfirmation"
    ],
    "codename": "add_emailconfirmation"
  }
},
{
  "model": "auth.permission",
  "fields": {
    "name": "Can change email confirmation",
    "content_type": [
      "account",
      "emailconfirmation"
    ],
    "codename": "change_emailconfirmation"
  }
},
{
  "model": "auth.permission",
  "fields": {
    "name": "Can delete email confirmation",
    "content_type": [
      "account",
      "emailconfirmation"
    ],
    "codename": "delete_emailconfirmation"
  }
},
{
  "model": "auth.permission",
  "fields": {
    "name": "Can view email confirmation",
    "content_type": [
      "account",
      "emailconfirmation"
    ],
    "codename": "view_emailconfirmation"
  }
},
{
  "model": "auth.permission",
  "fields": {
    "name": "Can add social account",
    "content_type": [
      "socialaccount",
      "socialaccount"
    ],
    "codename": "add_socialaccount"
  }
},
{
  "model": "auth.permission",
  "fields": {
    "name": "Can change social account",
    "content_type": [
      "socialaccount",
      "socialaccount"
    ],
    "codename": "change_socialaccount"
  }
},
{
  "model": "auth.permission",
  "fields": {
    "name": "Can delete social account",
    "content_type": [
      "socialaccount",
      "socialaccount"
    ],
    "codename": "delete_socialaccount"
  }
},
{
  "model": "auth.permission",
  "fields": {
    "name": "Can view social account",
    "content_type": [
      "socialaccount",
      "socialaccount"
    ],
    "codename": "view_socialaccount"
  }
},
{
  "model": "auth.permission",
  "fields": {
    "name": "Can add social application",
    "content_type": [
      "socialaccount",
      "socialapp"
    ],
    "codename": "add_socialapp"
  }
},
{
  "model": "auth.permission",
  "fields": {
    "name": "Can change social application",
    "content_type": [
      "socialaccount",
      "socialapp"
    ],
    "codename": "change_socialapp"
  }
},
{
  "model": "auth.permission",
  "fields": {
    "name": "Can delete social application",
    "content_type": [
      "socialaccount",
      "socialapp"
    ],
    "codename": "delete_socialapp"
  }
},
{
  "model": "auth.permission",
  "fields": {
    "name": "Can view social application",
    "content_type": [
      "socialaccount",
      "socialapp"
    ],
    "codename": "view_socialapp"
  }
},
{
  "model": "auth.permission",
  "fields": {
    "name": "Can add social application token",
    "content_type": [
      "socialaccount",
      "socialtoken"
    ],
    "codename": "add_socialtoken"
  }
},
{
  "model": "auth.permission",
  "fields": {
    "name": "Can change social application token",
    "content_type": [
      "socialaccount",
      "socialtoken"
    ],
    "codename": "change_socialtoken"
  }
},
{
  "model": "auth.permission",
  "fields": {
    "name": "Can delete social application token",
    "content_type": [
      "socialaccount",
      "socialtoken"
    ],
    "codename": "delete_socialtoken"
  }
},
{
  "model": "auth.permission",
  "fields": {
    "name": "Can view social application token",
    "content_type": [
      "socialaccount",
      "socialtoken"
    ],
    "codename": "view_socialtoken"
  }
},
{
  "model": "auth.user",
  "fields": {
    "password": "pbkdf2_sha256$600000$GeHcENFwJWjjaq0RPAwO4b$WIjrZ7Gy4jTCuUA/UhPe0OK62u4gOUO9aMuNca4WTss=",
    "last_login": "2025-10-17T10:08:42.949Z",
    "is_superuser": true,
    "username": "admin",
    "first_name": "",
    "last_name": "",
    "email": "",
    "is_staff": true,
    "is_active": true,
    "date_joined": "2025-10-14T19:08:27.745Z",
    "groups": [],
    "user_permissions": []
  }
},
{
  "model": "auth.user",
  "fields": {
    "password": "pbkdf2_sha256$600000$UkqvaTt7cccSSXVEcZO7As$z3Rz3vsP0KTs50fpObw+xZo68zm90ZEgCAFxI6f8C+E=",
    "last_login": null,
    "is_superuser": false,
    "username": "user_٣٥٣٤٥٣",
    "first_name": "ب",
    "last_name": "",
    "email": "",
    "is_staff": false,
    "is_active": true,
    "date_joined": "2025-10-15T13:12:39.613Z",
    "groups": [],
    "user_permissions": []
  }
},
{
  "model": "auth.user",
  "fields": {
    "password": "pbkdf2_sha256$600000$NIVGouobQqsgwhj5UBPH14$vno1B4ekp6PeOirn2rLpmwcCZedOZiJniP8p7xfL8XE=",
    "last_login": null,
    "is_superuser": false,
    "username": "user_888",
    "first_name": "88h",
    "last_name": "",
    "email": "",
    "is_staff": false,
    "is_active": true,
    "date_joined": "2025-10-16T14:05:38.453Z",
    "groups": [],
    "user_permissions": []
  }
},
{
  "model": "dashboard.tenant",
  "pk": 1,
  "fields": {
    "user": [
      "user_٣٥٣٤٥٣"
    ],
    "name": "ب",
    "name_ar": "ب",
    "name_en": "ب",
    "tenant_type": "company",
    "phone": "٣٥٣٤٥٣",
    "email": null,
    "authorized_signatory": null,
    "authorized_signatory_ar": null,
    "authorized_signatory_en": null,
    "rating": 3
  }
},
{
  "model": "dashboard.tenant",
  "pk": 2,
  "fields": {
    "user": [
      "user_888"
    ],
    "name": "88h",
    "name_ar": "88h",
    "name_en": "88h",
    "tenant_type": "company",
    "phone": "888",
    "email": null,
    "authorized_signatory": null,
    "authorized_signatory_ar": null,
    "authorized_signatory_en": null,
    "rating": 3
  }
},
{
  "model": "dashboard.notification",
  "pk": 1,
  "fields": {
    "user": [
      "user_٣٥٣٤٥٣"
    ],
    "message": "'عقد الإيجار الخاص بك رقم 34242-R1-R1 سينتهي قريب في تاريخ 2025-10-31'",
    "read": false,
    "timestamp": "2025-10-15T13:27:29.624Z",
    "content_type": [
      "dashboard",
      "lease"
    ],
    "object_id": 3
  }
},
{
  "model": "dashboard.notification",
  "pk": 2,
  "fields": {
    "user": [
      "user_٣٥٣٤٥٣"
    ],
    "message": "'عقد الإيجار الخاص بك رقم 34242-R1-R1-R1-R1 سينتهي قريب في تاريخ 2025-10-31'",
    "read": false,
    "timestamp": "2025-10-15T13:31:26.892Z",
    "content_type": [
      "dashboard",
      "lease"
    ],
    "object_id": 5
  }
},
{
  "model": "dashboard.notification",
  "pk": 3,
  "fields": {
    "user": [
      "user_٣٥٣٤٥٣"
    ],
    "message": "'عقد الإيجار الخاص بك رقم 34242-R1-R1-R1-R1-R1-R1 سينتهي قريب في تاريخ 2025-10-31'",
    "read": false,
    "timestamp": "2025-10-15T13:47:55.966Z",
    "content_type": [
      "dashboard",
      "lease"
    ],
    "object_id": 7
  }
},
{
  "model": "dashboard.notification",
  "pk": 4,
  "fields": {
    "user": [
      "user_888"
    ],
    "message": "'عقد الإيجار الخاص بك رقم 8798789 سينتهي قريب في تاريخ 2025-10-31'",
    "read": false,
    "timestamp": "2025-10-16T14:06:14.604Z",
    "content_type": [
      "dashboard",
      "lease"
    ],
    "object_id": 46
  }
},
{
  "model": "dashboard.notification",
  "pk": 5,
  "fields": {
    "user": [
      "user_888"
    ],
    "message": "'عقد الإيجار الخاص بك رقم ٢٣٤٢٤ سينتهي قريب في تاريخ 2025-10-31'",
    "read": false,
    "timestamp": "2025-10-16T14:12:15.005Z",
    "content_type": [
      "dashboard",
      "lease"
    ],
    "object_id": 47
  }
},
{
  "model": "dashboard.notification",
  "pk": 6,
  "fields": {
    "user": [
      "user_888"
    ],
    "message": "'عقد الإيجار الخاص بك رقم ٥٦٧٥٥٧٦ سينتهي قريب في تاريخ 2025-10-31'",
    "read": false,
    "timestamp": "2025-10-16T18:12:38.152Z",
    "content_type": [
      "dashboard",
      "lease"
    ],
    "object_id": 49
  }
},
{
  "model": "dashboard.notification",
  "pk": 7,
  "fields": {
    "user": [
      "user_888"
    ],
    "message": "'عقد الإيجار الخاص بك رقم 1 سينتهي قريب في تاريخ 2025-10-31'",
    "read": false,
    "timestamp": "2025-10-16T18:22:57.105Z",
    "content_type": [
      "dashboard",
      "lease"
    ],
    "object_id": 50
  }
},
{
  "model": "dashboard.notification",
  "pk": 8,
  "fields": {
    "user": [
      "user_888"
    ],
    "message": "'عقد الإيجار الخاص بك رقم 1-R1 سينتهي قريب في تاريخ 2025-10-31'",
    "read": false,
    "timestamp": "2025-10-16T18:27:22.445Z",
    "content_type": [
      "dashboard",
      "lease"
    ],
    "object_id": 51
  }
},
{
  "model": "dashboard.notification",
  "pk": 9,
  "fields": {
    "user": [
      "user_888"
    ],
    "message": "'عقد الإيجار الخاص بك رقم 1-R1-R1 سينتهي قريب في تاريخ 2025-10-31'",
    "read": false,
    "timestamp": "2025-10-16T18:29:10.672Z",
    "content_type": [
      "dashboard",
      "lease"
    ],
    "object_id": 52
  }
},
{
  "model": "dashboard.notification",
  "pk": 10,
  "fields": {
    "user": [
      "user_888"
    ],
    "message": "'عقد الإيجار الخاص بك رقم 1-R1-R1-R1 سينتهي قريب في تاريخ 2025-10-31'",
    "read": false,
    "timestamp": "2025-10-16T18:31:24.794Z",
    "content_type": [
      "dashboard",
      "lease"
    ],
    "object_id": 53
  }
},
{
  "model": "dashboard.notification",
  "pk": 11,
  "fields": {
    "user": [
      "user_888"
    ],
    "message": "'عقد الإيجار الخاص بك رقم 1-R1-R1-R1-R1 سينتهي قريب في تاريخ 2025-10-31'",
    "read": false,
    "timestamp": "2025-10-16T18:33:03.114Z",
    "content_type": [
      "dashboard",
      "lease"
    ],
    "object_id": 54
  }
},
{
  "model": "dashboard.notification",
  "pk": 12,
  "fields": {
    "user": [
      "user_888"
    ],
    "message": "'عقد الإيجار الخاص بك رقم 1-R1-R1-R1-R1-R1 سينتهي قريب في تاريخ 2025-10-31'",
    "read": false,
    "timestamp": "2025-10-16T18:38:33.691Z",
    "content_type": [
      "dashboard",
      "lease"
    ],
    "object_id": 55
  }
},
{
  "model": "dashboard.notification",
  "pk": 13,
  "fields": {
    "user": [
      "user_888"
    ],
    "message": "'عقد الإيجار الخاص بك رقم 1-R1-R1-R1-R1-R1-R1 سينتهي قريب في تاريخ 2025-10-31'",
    "read": false,
    "timestamp": "2025-10-16T18:40:36.734Z",
    "content_type": [
      "dashboard",
      "lease"
    ],
    "object_id": 56
  }
},
{
  "model": "dashboard.notification",
  "pk": 14,
  "fields": {
    "user": [
      "user_888"
    ],
    "message": "'عقد الإيجار الخاص بك رقم 1-R1-R1-R1-R1-R1-R1-R1 سينتهي قريب في تاريخ 2025-10-31'",
    "read": false,
    "timestamp": "2025-10-16T18:45:47.430Z",
    "content_type": [
      "dashboard",
      "lease"
    ],
    "object_id": 57
  }
},
{
  "model": "dashboard.notification",
  "pk": 15,
  "fields": {
    "user": [
      "user_888"
    ],
    "message": "'عقد الإيجار الخاص بك رقم 1-R1-R1-R1-R1-R1-R1-R1-R1 سينتهي قريب في تاريخ 2025-10-31'",
    "read": false,
    "timestamp": "2025-10-16T18:52:44.014Z",
    "content_type": [
      "dashboard",
      "lease"
    ],
    "object_id": 58
  }
},
{
  "model": "dashboard.notification",
  "pk": 16,
  "fields": {
    "user": [
      "user_888"
    ],
    "message": "'عقد الإيجار الخاص بك رقم 1-R1-R1-R1-R1-R1-R1-R1-R1-R1 سينتهي قريب في تاريخ 2025-10-31'",
    "read": false,
    "timestamp": "2025-10-16T18:54:52.076Z",
    "content_type": [
      "dashboard",
      "lease"
    ],
    "object_id": 59
  }
},
{
  "model": "dashboard.notification",
  "pk": 17,
  "fields": {
    "user": [
      "user_888"
    ],
    "message": "'عقد الإيجار الخاص بك رقم 1-R1-R1-R1-R1-R1-R1-R1-R1-R1-R1 سينتهي قريب في تاريخ 2025-10-31'",
    "read": false,
    "timestamp": "2025-10-16T18:59:10.549Z",
    "content_type": [
      "dashboard",
      "lease"
    ],
    "object_id": 60
  }
},
{
  "model": "dashboard.notification",
  "pk": 18,
  "fields": {
    "user": [
      "user_888"
    ],
    "message": "'عقد الإيجار الخاص بك رقم 1-R1-R1-R1-R1-R1-R1-R1-R1-R1-R1-R1 سينتهي قريب في تاريخ 2025-10-31'",
    "read": false,
    "timestamp": "2025-10-16T19:02:22.800Z",
    "content_type": [
      "dashboard",
      "lease"
    ],
    "object_id": 61
  }
},
{
  "model": "dashboard.notification",
  "pk": 19,
  "fields": {
    "user": [
      "user_٣٥٣٤٥٣"
    ],
    "message": "'عقد الإيجار الخاص بك رقم تحت سينتهي قريب في تاريخ 2025-10-31'",
    "read": false,
    "timestamp": "2025-10-16T19:15:21.168Z",
    "content_type": [
      "dashboard",
      "lease"
    ],
    "object_id": 63
  }
},
{
  "model": "dashboard.notification",
  "pk": 20,
  "fields": {
    "user": [
      "user_٣٥٣٤٥٣"
    ],
    "message": "'عقد الإيجار الخاص بك رقم ٨٧٧ سينتهي قريب في تاريخ 2025-10-31'",
    "read": false,
    "timestamp": "2025-10-16T19:18:52.513Z",
    "content_type": [
      "dashboard",
      "lease"
    ],
    "object_id": 64
  }
},
{
  "model": "dashboard.notification",
  "pk": 21,
  "fields": {
    "user": [
      "user_٣٥٣٤٥٣"
    ],
    "message": "'عقد الإيجار الخاص بك رقم ١٢ سينتهي قريب في تاريخ 2025-10-31'",
    "read": false,
    "timestamp": "2025-10-16T19:22:06.017Z",
    "content_type": [
      "dashboard",
      "lease"
    ],
    "object_id": 65
  }
},
{
  "model": "dashboard.notification",
  "pk": 22,
  "fields": {
    "user": [
      "user_٣٥٣٤٥٣"
    ],
    "message": "'عقد الإيجار الخاص بك رقم ١٢١ سينتهي قريب في تاريخ 2025-10-31'",
    "read": false,
    "timestamp": "2025-10-16T19:27:23.291Z",
    "content_type": [
      "dashboard",
      "lease"
    ],
    "object_id": 68
  }
},
{
  "model": "dashboard.notification",
  "pk": 23,
  "fields": {
    "user": [
      "user_٣٥٣٤٥٣"
    ],
    "message": "'عقد الإيجار الخاص بك رقم ٤٤ سينتهي قريب في تاريخ 2025-10-31'",
    "read": false,
    "timestamp": "2025-10-16T19:28:23.230Z",
    "content_type": [
      "dashboard",
      "lease"
    ],
    "object_id": 69
  }
},
{
  "model": "dashboard.notification",
  "pk": 24,
  "fields": {
    "user": [
      "user_٣٥٣٤٥٣"
    ],
    "message": "'عقد الإيجار الخاص بك رقم ٢ سينتهي قريب في تاريخ 2025-10-31'",
    "read": false,
    "timestamp": "2025-10-16T19:29:55.970Z",
    "content_type": [
      "dashboard",
      "lease"
    ],
    "object_id": 70
  }
},
{
  "model": "dashboard.notification",
  "pk": 25,
  "fields": {
    "user": [
      "user_٣٥٣٤٥٣"
    ],
    "message": "'عقد الإيجار الخاص بك رقم ٣٣ سينتهي قريب في تاريخ 2025-10-31'",
    "read": false,
    "timestamp": "2025-10-16T20:10:04.214Z",
    "content_type": [
      "dashboard",
      "lease"
    ],
    "object_id": 78
  }
},
{
  "model": "dashboard.notification",
  "pk": 26,
  "fields": {
    "user": [
      "user_٣٥٣٤٥٣"
    ],
    "message": "'عقد الإيجار الخاص بك رقم 12 سينتهي قريب في تاريخ 2025-10-31'",
    "read": false,
    "timestamp": "2025-10-17T10:09:03.866Z",
    "content_type": [
      "dashboard",
      "lease"
    ],
    "object_id": 80
  }
},
{
  "model": "dashboard.notification",
  "pk": 27,
  "fields": {
    "user": [
      "user_٣٥٣٤٥٣"
    ],
    "message": "'عقد الإيجار الخاص بك رقم 12-R1 سينتهي قريب في تاريخ 2025-10-31'",
    "read": false,
    "timestamp": "2025-10-17T10:35:52.652Z",
    "content_type": [
      "dashboard",
      "lease"
    ],
    "object_id": 81
  }
},
{
  "model": "dashboard.notification",
  "pk": 28,
  "fields": {
    "user": [
      "user_٣٥٣٤٥٣"
    ],
    "message": "'عقد الإيجار الخاص بك رقم 12-R1-R1 سينتهي قريب في تاريخ 2025-10-31'",
    "read": false,
    "timestamp": "2025-10-17T10:39:58.915Z",
    "content_type": [
      "dashboard",
      "lease"
    ],
    "object_id": 82
  }
},
{
  "model": "dashboard.notification",
  "pk": 29,
  "fields": {
    "user": [
      "user_٣٥٣٤٥٣"
    ],
    "message": "'عقد الإيجار الخاص بك رقم ١٢٣ سينتهي قريب في تاريخ 2025-10-31'",
    "read": false,
    "timestamp": "2025-10-17T10:45:55.546Z",
    "content_type": [
      "dashboard",
      "lease"
    ],
    "object_id": 84
  }
},
{
  "model": "dashboard.notification",
  "pk": 30,
  "fields": {
    "user": [
      "user_٣٥٣٤٥٣"
    ],
    "message": "'عقد الإيجار الخاص بك رقم ١ سينتهي قريب في تاريخ 2025-10-31'",
    "read": false,
    "timestamp": "2025-10-17T11:06:06.795Z",
    "content_type": [
      "dashboard",
      "lease"
    ],
    "object_id": 85
  }
}
]
