[
{
  "model": "contenttypes.contenttype",
  "fields": {
    "app_label": "admin",
    "model": "logentry"
  }
},
{
  "model": "contenttypes.contenttype",
  "fields": {
    "app_label": "auth",
    "model": "permission"
  }
},
{
  "model": "contenttypes.contenttype",
  "fields": {
    "app_label": "auth",
    "model": "group"
  }
},
{
  "model": "contenttypes.contenttype",
  "fields": {
    "app_label": "auth",
    "model": "user"
  }
},
{
  "model": "contenttypes.contenttype",
  "fields": {
    "app_label": "contenttypes",
    "model": "contenttype"
  }
},
{
  "model": "contenttypes.contenttype",
  "fields": {
    "app_label": "sessions",
    "model": "session"
  }
},
{
  "model": "contenttypes.contenttype",
  "fields": {
    "app_label": "sites",
    "model": "site"
  }
},
{
  "model": "contenttypes.contenttype",
  "fields": {
    "app_label": "dashboard",
    "model": "building"
  }
},
{
  "model": "contenttypes.contenttype",
  "fields": {
    "app_label": "dashboard",
    "model": "buildingowner"
  }
},
{
  "model": "contenttypes.contenttype",
  "fields": {
    "app_label": "dashboard",
    "model": "commissionagreement"
  }
},
{
  "model": "contenttypes.contenttype",
  "fields": {
    "app_label": "dashboard",
    "model": "company"
  }
},
{
  "model": "contenttypes.contenttype",
  "fields": {
    "app_label": "dashboard",
    "model": "contracttemplate"
  }
},
{
  "model": "contenttypes.contenttype",
  "fields": {
    "app_label": "dashboard",
    "model": "invoice"
  }
},
{
  "model": "contenttypes.contenttype",
  "fields": {
    "app_label": "dashboard",
    "model": "lease"
  }
},
{
  "model": "contenttypes.contenttype",
  "fields": {
    "app_label": "dashboard",
    "model": "noticetemplate"
  }
},
{
  "model": "contenttypes.contenttype",
  "fields": {
    "app_label": "dashboard",
    "model": "realestateoffice"
  }
},
{
  "model": "contenttypes.contenttype",
  "fields": {
    "app_label": "dashboard",
    "model": "userprofile"
  }
},
{
  "model": "contenttypes.contenttype",
  "fields": {
    "app_label": "dashboard",
    "model": "unit"
  }
},
{
  "model": "contenttypes.contenttype",
  "fields": {
    "app_label": "dashboard",
    "model": "tenant"
  }
},
{
  "model": "contenttypes.contenttype",
  "fields": {
    "app_label": "dashboard",
    "model": "securitydeposit"
  }
},
{
  "model": "contenttypes.contenttype",
  "fields": {
    "app_label": "dashboard",
    "model": "rentcollection"
  }
},
{
  "model": "contenttypes.contenttype",
  "fields": {
    "app_label": "dashboard",
    "model": "paymentoverduenotice"
  }
},
{
  "model": "contenttypes.contenttype",
  "fields": {
    "app_label": "dashboard",
    "model": "payment"
  }
},
{
  "model": "contenttypes.contenttype",
  "fields": {
    "app_label": "dashboard",
    "model": "otp"
  }
},
{
  "model": "contenttypes.contenttype",
  "fields": {
    "app_label": "dashboard",
    "model": "notification"
  }
},
{
  "model": "contenttypes.contenttype",
  "fields": {
    "app_label": "dashboard",
    "model": "maintenancerequest"
  }
},
{
  "model": "contenttypes.contenttype",
  "fields": {
    "app_label": "dashboard",
    "model": "invoiceitem"
  }
},
{
  "model": "contenttypes.contenttype",
  "fields": {
    "app_label": "dashboard",
    "model": "expense"
  }
},
{
  "model": "contenttypes.contenttype",
  "fields": {
    "app_label": "dashboard",
    "model": "document"
  }
},
{
  "model": "contenttypes.contenttype",
  "fields": {
    "app_label": "dashboard",
    "model": "commissiondistribution"
  }
},
{
  "model": "contenttypes.contenttype",
  "fields": {
    "app_label": "dashboard",
    "model": "paymentoverduedetail"
  }
},
{
  "model": "contenttypes.contenttype",
  "fields": {
    "app_label": "dashboard",
    "model": "leaserenewalreminder"
  }
},
{
  "model": "contenttypes.contenttype",
  "fields": {
    "app_label": "account",
    "model": "emailaddress"
  }
},
{
  "model": "contenttypes.contenttype",
  "fields": {
    "app_label": "account",
    "model": "emailconfirmation"
  }
},
{
  "model": "contenttypes.contenttype",
  "fields": {
    "app_label": "socialaccount",
    "model": "socialaccount"
  }
},
{
  "model": "contenttypes.contenttype",
  "fields": {
    "app_label": "socialaccount",
    "model": "socialapp"
  }
},
{
  "model": "contenttypes.contenttype",
  "fields": {
    "app_label": "socialaccount",
    "model": "socialtoken"
  }
},
{
  "model": "sessions.session",
  "pk": "eatloovbtv5rz13f74pbs52amf59jgzs",
  "fields": {
    "session_data": ".eJxVjMsKwjAQRf8laynNO-lS8BNch-nMSIP2QWNBEf_dVrrQ7T3nnpdIsNy7tBSeUybRCCkOv1sLeOVhAwSla0eYqfrSHZTq1EO-nVd3gJ6Pu_7X6NbnGmAmh8YSOheDQi3JAHr21pDTlwCeWBNHUjIytlKRtipCqDGgNc7HLVq4lDwOiR9Tnp-iqd8fuBFBCA:1vBWaI:LPf7ZyzKEO96kIeXbaPebSevwbhqn5UNhxTlLAFWZXc",
    "expire_date": "2025-11-05T11:00:50.537Z"
  }
},
{
  "model": "sessions.session",
  "pk": "nc449pvehygptkgas1g9zc42ap438h15",
  "fields": {
    "session_data": ".eJxVjMsKwjAQRf8laynNO-lS8BNch-nMSIP2QWNBEf_dVrrQ7T3nnpdIsNy7tBSeUybRCCkOv1sLeOVhAwSla0eYqfrSHZTq1EO-nVd3gJ6Pu_7X6NbnGmAmh8YSOheDQi3JAHr21pDTlwCeWBNHUjIytlKRtipCqDGgNc7HLVq4lDwOiR9Tnp-iqd8fuBFBCA:1vBDjA:DtH0B2jSta6zXgXMUbmcWgG3m64afV41-MglpdrxhOw",
    "expire_date": "2025-11-04T14:52:44.861Z"
  }
},
{
  "model": "sites.site",
  "fields": {
    "domain": "example.com",
    "name": "example.com"
  }
},
{
  "model": "dashboard.company",
  "pk": 1,
  "fields": {
    "name": "شركة افتراضية",
    "name_ar": "شركة افتراضية",
    "name_en": null,
    "company_id": null,
    "logo": "",
    "contact_email": "default@company.com",
    "contact_phone": "1234567890",
    "address": "",
    "address_ar": "",
    "address_en": null
  }
},
{
  "model": "dashboard.building",
  "pk": 1,
  "fields": {
    "name": "بيت الحمد",
    "name_ar": "بيت الحمد",
    "name_en": "Management of the House of Praise",
    "address": "محافظة مسقط ولاية بوشر منطقة الخوير الجنوبية",
    "address_ar": "محافظة مسقط ولاية بوشر منطقة الخوير الجنوبية",
    "address_en": "Muscat Governorate, Bawshar Wilayat, Al Khuwair Southern Region"
  }
},
{
  "model": "dashboard.unit",
  "pk": 1,
  "fields": {
    "building": 1,
    "unit_number": "11",
    "unit_type": "apartment",
    "floor": 1,
    "is_available": false
  }
},
{
  "model": "dashboard.unit",
  "pk": 2,
  "fields": {
    "building": 1,
    "unit_number": "12",
    "unit_type": "apartment",
    "floor": 1,
    "is_available": false
  }
},
{
  "model": "dashboard.unit",
  "pk": 3,
  "fields": {
    "building": 1,
    "unit_number": "٤١",
    "unit_type": "apartment",
    "floor": 4,
    "is_available": false
  }
},
{
  "model": "dashboard.lease",
  "pk": 1,
  "fields": {
    "unit": 1,
    "tenant": 1,
    "contract_number": "2023/21314",
    "contract_form_number": "20251235654",
    "monthly_rent": "180.00",
    "start_date": "2025-05-01",
    "end_date": "2026-04-30",
    "electricity_meter": "Q14661",
    "water_meter": null,
    "status": "active",
    "office_fee": "5.00",
    "admin_fee": "1.00",
    "registration_fee": "64.80",
    "cancellation_date": null,
    "cancellation_reason": null
  }
},
{
  "model": "dashboard.lease",
  "pk": 2,
  "fields": {
    "unit": 2,
    "tenant": 1,
    "contract_number": "LC1020920",
    "contract_form_number": "LC1020920",
    "monthly_rent": "300.00",
    "start_date": "2025-06-01",
    "end_date": "2026-05-31",
    "electricity_meter": "Q14663",
    "water_meter": null,
    "status": "active",
    "office_fee": "5.00",
    "admin_fee": "1.00",
    "registration_fee": "108.00",
    "cancellation_date": null,
    "cancellation_reason": null
  }
},
{
  "model": "dashboard.lease",
  "pk": 3,
  "fields": {
    "unit": 3,
    "tenant": 2,
    "contract_number": "٢١٠٥٣/2024",
    "contract_form_number": "20240926946",
    "monthly_rent": "350.00",
    "start_date": "2024-04-01",
    "end_date": "2025-03-31",
    "electricity_meter": "Q14672 - Q14673",
    "water_meter": null,
    "status": "expired",
    "office_fee": "5.00",
    "admin_fee": "1.00",
    "registration_fee": "126.00",
    "cancellation_date": null,
    "cancellation_reason": null
  }
},
{
  "model": "dashboard.payment",
  "pk": 1,
  "fields": {
    "lease": 1,
    "payment_date": "2025-10-21",
    "amount": "180.00",
    "payment_for_month": 6,
    "payment_for_year": 2025,
    "payment_method": "cash",
    "check_number": null,
    "check_date": null,
    "bank_name": null,
    "check_status": "pending",
    "return_reason": "",
    "notes": ""
  }
},
{
  "model": "dashboard.payment",
  "pk": 2,
  "fields": {
    "lease": 1,
    "payment_date": "2025-10-21",
    "amount": "100.00",
    "payment_for_month": 5,
    "payment_for_year": 2025,
    "payment_method": "cash",
    "check_number": null,
    "check_date": null,
    "bank_name": null,
    "check_status": "pending",
    "return_reason": "",
    "notes": ""
  }
},
{
  "model": "dashboard.document",
  "pk": 1,
  "fields": {
    "lease": 1,
    "title": "فاتورة رسوم تسجيل عقد - 2023/21314",
    "file": "lease_documents/lease_initial_invoice_2023/21314_jUNI8oV.pdf",
    "uploaded_at": "2025-10-21T15:02:10.757Z"
  }
},
{
  "model": "dashboard.document",
  "pk": 2,
  "fields": {
    "lease": 2,
    "title": "فاتورة رسوم تسجيل عقد - LC1020920",
    "file": "lease_documents/lease_initial_invoice_LC1020920_2yBziDu.pdf",
    "uploaded_at": "2025-10-21T15:03:52.963Z"
  }
},
{
  "model": "dashboard.document",
  "pk": 3,
  "fields": {
    "lease": 3,
    "title": "فاتورة رسوم تسجيل عقد - ٢١٠٥٣/2024",
    "file": "lease_documents/lease_initial_invoice_٢١٠٥٣/2024.pdf",
    "uploaded_at": "2025-10-22T10:52:46.311Z"
  }
},
{
  "model": "dashboard.paymentoverduenotice",
  "pk": 1,
  "fields": {
    "lease": 1,
    "notice_date": "2025-10-21",
    "legal_deadline": "2025-11-20",
    "status": "draft",
    "potential_legal_action": "contract_termination",
    "sent_date": null,
    "acknowledged_date": null,
    "resolved_date": null,
    "notes": "\n✅ تم دفع مبلغ 180.00 ر.ع كاملاً لشهر 6/2025 بتاريخ 21/10/2025\n💰 دفع جزئي لشهر 5/2025: دفع 100 ر.ع، المتبقي 80.00 ر.ع بتاريخ 21/10/2025",
    "delivery_method": null,
    "recipient_signature": null
  }
},
{
  "model": "dashboard.paymentoverduenotice",
  "pk": 2,
  "fields": {
    "lease": 2,
    "notice_date": "2025-10-21",
    "legal_deadline": "2025-11-20",
    "status": "sent",
    "potential_legal_action": "contract_termination",
    "sent_date": "2025-10-21T15:20:32.427Z",
    "acknowledged_date": null,
    "resolved_date": null,
    "notes": null,
    "delivery_method": null,
    "recipient_signature": null
  }
},
{
  "model": "dashboard.paymentoverduedetail",
  "pk": 1,
  "fields": {
    "notice": 1,
    "overdue_month": 5,
    "overdue_year": 2025,
    "overdue_amount": "80.00",
    "due_date": "2025-05-01"
  }
},
{
  "model": "dashboard.paymentoverduedetail",
  "pk": 3,
  "fields": {
    "notice": 1,
    "overdue_month": 7,
    "overdue_year": 2025,
    "overdue_amount": "180.00",
    "due_date": "2025-07-01"
  }
},
{
  "model": "dashboard.paymentoverduedetail",
  "pk": 4,
  "fields": {
    "notice": 1,
    "overdue_month": 8,
    "overdue_year": 2025,
    "overdue_amount": "180.00",
    "due_date": "2025-08-01"
  }
},
{
  "model": "dashboard.paymentoverduedetail",
  "pk": 5,
  "fields": {
    "notice": 1,
    "overdue_month": 9,
    "overdue_year": 2025,
    "overdue_amount": "180.00",
    "due_date": "2025-09-01"
  }
},
{
  "model": "dashboard.paymentoverduedetail",
  "pk": 6,
  "fields": {
    "notice": 2,
    "overdue_month": 6,
    "overdue_year": 2025,
    "overdue_amount": "300.00",
    "due_date": "2025-06-01"
  }
},
{
  "model": "dashboard.paymentoverduedetail",
  "pk": 7,
  "fields": {
    "notice": 2,
    "overdue_month": 7,
    "overdue_year": 2025,
    "overdue_amount": "300.00",
    "due_date": "2025-07-01"
  }
},
{
  "model": "dashboard.paymentoverduedetail",
  "pk": 8,
  "fields": {
    "notice": 2,
    "overdue_month": 8,
    "overdue_year": 2025,
    "overdue_amount": "300.00",
    "due_date": "2025-08-01"
  }
},
{
  "model": "dashboard.paymentoverduedetail",
  "pk": 9,
  "fields": {
    "notice": 2,
    "overdue_month": 9,
    "overdue_year": 2025,
    "overdue_amount": "300.00",
    "due_date": "2025-09-01"
  }
},
{
  "model": "auth.permission",
  "fields": {
    "name": "Can add log entry",
    "content_type": [
      "admin",
      "logentry"
    ],
    "codename": "add_logentry"
  }
},
{
  "model": "auth.permission",
  "fields": {
    "name": "Can change log entry",
    "content_type": [
      "admin",
      "logentry"
    ],
    "codename": "change_logentry"
  }
},
{
  "model": "auth.permission",
  "fields": {
    "name": "Can delete log entry",
    "content_type": [
      "admin",
      "logentry"
    ],
    "codename": "delete_logentry"
  }
},
{
  "model": "auth.permission",
  "fields": {
    "name": "Can view log entry",
    "content_type": [
      "admin",
      "logentry"
    ],
    "codename": "view_logentry"
  }
},
{
  "model": "auth.permission",
  "fields": {
    "name": "Can add permission",
    "content_type": [
      "auth",
      "permission"
    ],
    "codename": "add_permission"
  }
},
{
  "model": "auth.permission",
  "fields": {
    "name": "Can change permission",
    "content_type": [
      "auth",
      "permission"
    ],
    "codename": "change_permission"
  }
},
{
  "model": "auth.permission",
  "fields": {
    "name": "Can delete permission",
    "content_type": [
      "auth",
      "permission"
    ],
    "codename": "delete_permission"
  }
},
{
  "model": "auth.permission",
  "fields": {
    "name": "Can view permission",
    "content_type": [
      "auth",
      "permission"
    ],
    "codename": "view_permission"
  }
},
{
  "model": "auth.permission",
  "fields": {
    "name": "Can add group",
    "content_type": [
      "auth",
      "group"
    ],
    "codename": "add_group"
  }
},
{
  "model": "auth.permission",
  "fields": {
    "name": "Can change group",
    "content_type": [
      "auth",
      "group"
    ],
    "codename": "change_group"
  }
},
{
  "model": "auth.permission",
  "fields": {
    "name": "Can delete group",
    "content_type": [
      "auth",
      "group"
    ],
    "codename": "delete_group"
  }
},
{
  "model": "auth.permission",
  "fields": {
    "name": "Can view group",
    "content_type": [
      "auth",
      "group"
    ],
    "codename": "view_group"
  }
},
{
  "model": "auth.permission",
  "fields": {
    "name": "Can add user",
    "content_type": [
      "auth",
      "user"
    ],
    "codename": "add_user"
  }
},
{
  "model": "auth.permission",
  "fields": {
    "name": "Can change user",
    "content_type": [
      "auth",
      "user"
    ],
    "codename": "change_user"
  }
},
{
  "model": "auth.permission",
  "fields": {
    "name": "Can delete user",
    "content_type": [
      "auth",
      "user"
    ],
    "codename": "delete_user"
  }
},
{
  "model": "auth.permission",
  "fields": {
    "name": "Can view user",
    "content_type": [
      "auth",
      "user"
    ],
    "codename": "view_user"
  }
},
{
  "model": "auth.permission",
  "fields": {
    "name": "Can add content type",
    "content_type": [
      "contenttypes",
      "contenttype"
    ],
    "codename": "add_contenttype"
  }
},
{
  "model": "auth.permission",
  "fields": {
    "name": "Can change content type",
    "content_type": [
      "contenttypes",
      "contenttype"
    ],
    "codename": "change_contenttype"
  }
},
{
  "model": "auth.permission",
  "fields": {
    "name": "Can delete content type",
    "content_type": [
      "contenttypes",
      "contenttype"
    ],
    "codename": "delete_contenttype"
  }
},
{
  "model": "auth.permission",
  "fields": {
    "name": "Can view content type",
    "content_type": [
      "contenttypes",
      "contenttype"
    ],
    "codename": "view_contenttype"
  }
},
{
  "model": "auth.permission",
  "fields": {
    "name": "Can add session",
    "content_type": [
      "sessions",
      "session"
    ],
    "codename": "add_session"
  }
},
{
  "model": "auth.permission",
  "fields": {
    "name": "Can change session",
    "content_type": [
      "sessions",
      "session"
    ],
    "codename": "change_session"
  }
},
{
  "model": "auth.permission",
  "fields": {
    "name": "Can delete session",
    "content_type": [
      "sessions",
      "session"
    ],
    "codename": "delete_session"
  }
},
{
  "model": "auth.permission",
  "fields": {
    "name": "Can view session",
    "content_type": [
      "sessions",
      "session"
    ],
    "codename": "view_session"
  }
},
{
  "model": "auth.permission",
  "fields": {
    "name": "Can add site",
    "content_type": [
      "sites",
      "site"
    ],
    "codename": "add_site"
  }
},
{
  "model": "auth.permission",
  "fields": {
    "name": "Can change site",
    "content_type": [
      "sites",
      "site"
    ],
    "codename": "change_site"
  }
},
{
  "model": "auth.permission",
  "fields": {
    "name": "Can delete site",
    "content_type": [
      "sites",
      "site"
    ],
    "codename": "delete_site"
  }
},
{
  "model": "auth.permission",
  "fields": {
    "name": "Can view site",
    "content_type": [
      "sites",
      "site"
    ],
    "codename": "view_site"
  }
},
{
  "model": "auth.permission",
  "fields": {
    "name": "Can add مبنى",
    "content_type": [
      "dashboard",
      "building"
    ],
    "codename": "add_building"
  }
},
{
  "model": "auth.permission",
  "fields": {
    "name": "Can change مبنى",
    "content_type": [
      "dashboard",
      "building"
    ],
    "codename": "change_building"
  }
},
{
  "model": "auth.permission",
  "fields": {
    "name": "Can delete مبنى",
    "content_type": [
      "dashboard",
      "building"
    ],
    "codename": "delete_building"
  }
},
{
  "model": "auth.permission",
  "fields": {
    "name": "Can view مبنى",
    "content_type": [
      "dashboard",
      "building"
    ],
    "codename": "view_building"
  }
},
{
  "model": "auth.permission",
  "fields": {
    "name": "Can add مالك مبنى",
    "content_type": [
      "dashboard",
      "buildingowner"
    ],
    "codename": "add_buildingowner"
  }
},
{
  "model": "auth.permission",
  "fields": {
    "name": "Can change مالك مبنى",
    "content_type": [
      "dashboard",
      "buildingowner"
    ],
    "codename": "change_buildingowner"
  }
},
{
  "model": "auth.permission",
  "fields": {
    "name": "Can delete مالك مبنى",
    "content_type": [
      "dashboard",
      "buildingowner"
    ],
    "codename": "delete_buildingowner"
  }
},
{
  "model": "auth.permission",
  "fields": {
    "name": "Can view مالك مبنى",
    "content_type": [
      "dashboard",
      "buildingowner"
    ],
    "codename": "view_buildingowner"
  }
},
{
  "model": "auth.permission",
  "fields": {
    "name": "Can add اتفاقية عمولة",
    "content_type": [
      "dashboard",
      "commissionagreement"
    ],
    "codename": "add_commissionagreement"
  }
},
{
  "model": "auth.permission",
  "fields": {
    "name": "Can change اتفاقية عمولة",
    "content_type": [
      "dashboard",
      "commissionagreement"
    ],
    "codename": "change_commissionagreement"
  }
},
{
  "model": "auth.permission",
  "fields": {
    "name": "Can delete اتفاقية عمولة",
    "content_type": [
      "dashboard",
      "commissionagreement"
    ],
    "codename": "delete_commissionagreement"
  }
},
{
  "model": "auth.permission",
  "fields": {
    "name": "Can view اتفاقية عمولة",
    "content_type": [
      "dashboard",
      "commissionagreement"
    ],
    "codename": "view_commissionagreement"
  }
},
{
  "model": "auth.permission",
  "fields": {
    "name": "Can add ملف الشركة",
    "content_type": [
      "dashboard",
      "company"
    ],
    "codename": "add_company"
  }
},
{
  "model": "auth.permission",
  "fields": {
    "name": "Can change ملف الشركة",
    "content_type": [
      "dashboard",
      "company"
    ],
    "codename": "change_company"
  }
},
{
  "model": "auth.permission",
  "fields": {
    "name": "Can delete ملف الشركة",
    "content_type": [
      "dashboard",
      "company"
    ],
    "codename": "delete_company"
  }
},
{
  "model": "auth.permission",
  "fields": {
    "name": "Can view ملف الشركة",
    "content_type": [
      "dashboard",
      "company"
    ],
    "codename": "view_company"
  }
},
{
  "model": "auth.permission",
  "fields": {
    "name": "Can add قالب عقد",
    "content_type": [
      "dashboard",
      "contracttemplate"
    ],
    "codename": "add_contracttemplate"
  }
},
{
  "model": "auth.permission",
  "fields": {
    "name": "Can change قالب عقد",
    "content_type": [
      "dashboard",
      "contracttemplate"
    ],
    "codename": "change_contracttemplate"
  }
},
{
  "model": "auth.permission",
  "fields": {
    "name": "Can delete قالب عقد",
    "content_type": [
      "dashboard",
      "contracttemplate"
    ],
    "codename": "delete_contracttemplate"
  }
},
{
  "model": "auth.permission",
  "fields": {
    "name": "Can view قالب عقد",
    "content_type": [
      "dashboard",
      "contracttemplate"
    ],
    "codename": "view_contracttemplate"
  }
},
{
  "model": "auth.permission",
  "fields": {
    "name": "Can add فاتورة",
    "content_type": [
      "dashboard",
      "invoice"
    ],
    "codename": "add_invoice"
  }
},
{
  "model": "auth.permission",
  "fields": {
    "name": "Can change فاتورة",
    "content_type": [
      "dashboard",
      "invoice"
    ],
    "codename": "change_invoice"
  }
},
{
  "model": "auth.permission",
  "fields": {
    "name": "Can delete فاتورة",
    "content_type": [
      "dashboard",
      "invoice"
    ],
    "codename": "delete_invoice"
  }
},
{
  "model": "auth.permission",
  "fields": {
    "name": "Can view فاتورة",
    "content_type": [
      "dashboard",
      "invoice"
    ],
    "codename": "view_invoice"
  }
},
{
  "model": "auth.permission",
  "fields": {
    "name": "Can add عقد إيجار",
    "content_type": [
      "dashboard",
      "lease"
    ],
    "codename": "add_lease"
  }
},
{
  "model": "auth.permission",
  "fields": {
    "name": "Can change عقد إيجار",
    "content_type": [
      "dashboard",
      "lease"
    ],
    "codename": "change_lease"
  }
},
{
  "model": "auth.permission",
  "fields": {
    "name": "Can delete عقد إيجار",
    "content_type": [
      "dashboard",
      "lease"
    ],
    "codename": "delete_lease"
  }
},
{
  "model": "auth.permission",
  "fields": {
    "name": "Can view عقد إيجار",
    "content_type": [
      "dashboard",
      "lease"
    ],
    "codename": "view_lease"
  }
},
{
  "model": "auth.permission",
  "fields": {
    "name": "Can add قالب إنذار",
    "content_type": [
      "dashboard",
      "noticetemplate"
    ],
    "codename": "add_noticetemplate"
  }
},
{
  "model": "auth.permission",
  "fields": {
    "name": "Can change قالب إنذار",
    "content_type": [
      "dashboard",
      "noticetemplate"
    ],
    "codename": "change_noticetemplate"
  }
},
{
  "model": "auth.permission",
  "fields": {
    "name": "Can delete قالب إنذار",
    "content_type": [
      "dashboard",
      "noticetemplate"
    ],
    "codename": "delete_noticetemplate"
  }
},
{
  "model": "auth.permission",
  "fields": {
    "name": "Can view قالب إنذار",
    "content_type": [
      "dashboard",
      "noticetemplate"
    ],
    "codename": "view_noticetemplate"
  }
},
{
  "model": "auth.permission",
  "fields": {
    "name": "Can add مكتب عقاري",
    "content_type": [
      "dashboard",
      "realestateoffice"
    ],
    "codename": "add_realestateoffice"
  }
},
{
  "model": "auth.permission",
  "fields": {
    "name": "Can change مكتب عقاري",
    "content_type": [
      "dashboard",
      "realestateoffice"
    ],
    "codename": "change_realestateoffice"
  }
},
{
  "model": "auth.permission",
  "fields": {
    "name": "Can delete مكتب عقاري",
    "content_type": [
      "dashboard",
      "realestateoffice"
    ],
    "codename": "delete_realestateoffice"
  }
},
{
  "model": "auth.permission",
  "fields": {
    "name": "Can view مكتب عقاري",
    "content_type": [
      "dashboard",
      "realestateoffice"
    ],
    "codename": "view_realestateoffice"
  }
},
{
  "model": "auth.permission",
  "fields": {
    "name": "Can add ملف المستخدم",
    "content_type": [
      "dashboard",
      "userprofile"
    ],
    "codename": "add_userprofile"
  }
},
{
  "model": "auth.permission",
  "fields": {
    "name": "Can change ملف المستخدم",
    "content_type": [
      "dashboard",
      "userprofile"
    ],
    "codename": "change_userprofile"
  }
},
{
  "model": "auth.permission",
  "fields": {
    "name": "Can delete ملف المستخدم",
    "content_type": [
      "dashboard",
      "userprofile"
    ],
    "codename": "delete_userprofile"
  }
},
{
  "model": "auth.permission",
  "fields": {
    "name": "Can view ملف المستخدم",
    "content_type": [
      "dashboard",
      "userprofile"
    ],
    "codename": "view_userprofile"
  }
},
{
  "model": "auth.permission",
  "fields": {
    "name": "Can add وحدة",
    "content_type": [
      "dashboard",
      "unit"
    ],
    "codename": "add_unit"
  }
},
{
  "model": "auth.permission",
  "fields": {
    "name": "Can change وحدة",
    "content_type": [
      "dashboard",
      "unit"
    ],
    "codename": "change_unit"
  }
},
{
  "model": "auth.permission",
  "fields": {
    "name": "Can delete وحدة",
    "content_type": [
      "dashboard",
      "unit"
    ],
    "codename": "delete_unit"
  }
},
{
  "model": "auth.permission",
  "fields": {
    "name": "Can view وحدة",
    "content_type": [
      "dashboard",
      "unit"
    ],
    "codename": "view_unit"
  }
},
{
  "model": "auth.permission",
  "fields": {
    "name": "Can add مستأجر",
    "content_type": [
      "dashboard",
      "tenant"
    ],
    "codename": "add_tenant"
  }
},
{
  "model": "auth.permission",
  "fields": {
    "name": "Can change مستأجر",
    "content_type": [
      "dashboard",
      "tenant"
    ],
    "codename": "change_tenant"
  }
},
{
  "model": "auth.permission",
  "fields": {
    "name": "Can delete مستأجر",
    "content_type": [
      "dashboard",
      "tenant"
    ],
    "codename": "delete_tenant"
  }
},
{
  "model": "auth.permission",
  "fields": {
    "name": "Can view مستأجر",
    "content_type": [
      "dashboard",
      "tenant"
    ],
    "codename": "view_tenant"
  }
},
{
  "model": "auth.permission",
  "fields": {
    "name": "Can add تأمين",
    "content_type": [
      "dashboard",
      "securitydeposit"
    ],
    "codename": "add_securitydeposit"
  }
},
{
  "model": "auth.permission",
  "fields": {
    "name": "Can change تأمين",
    "content_type": [
      "dashboard",
      "securitydeposit"
    ],
    "codename": "change_securitydeposit"
  }
},
{
  "model": "auth.permission",
  "fields": {
    "name": "Can delete تأمين",
    "content_type": [
      "dashboard",
      "securitydeposit"
    ],
    "codename": "delete_securitydeposit"
  }
},
{
  "model": "auth.permission",
  "fields": {
    "name": "Can view تأمين",
    "content_type": [
      "dashboard",
      "securitydeposit"
    ],
    "codename": "view_securitydeposit"
  }
},
{
  "model": "auth.permission",
  "fields": {
    "name": "Can add استلام إيجار",
    "content_type": [
      "dashboard",
      "rentcollection"
    ],
    "codename": "add_rentcollection"
  }
},
{
  "model": "auth.permission",
  "fields": {
    "name": "Can change استلام إيجار",
    "content_type": [
      "dashboard",
      "rentcollection"
    ],
    "codename": "change_rentcollection"
  }
},
{
  "model": "auth.permission",
  "fields": {
    "name": "Can delete استلام إيجار",
    "content_type": [
      "dashboard",
      "rentcollection"
    ],
    "codename": "delete_rentcollection"
  }
},
{
  "model": "auth.permission",
  "fields": {
    "name": "Can view استلام إيجار",
    "content_type": [
      "dashboard",
      "rentcollection"
    ],
    "codename": "view_rentcollection"
  }
},
{
  "model": "auth.permission",
  "fields": {
    "name": "Can add إنذار عدم سداد",
    "content_type": [
      "dashboard",
      "paymentoverduenotice"
    ],
    "codename": "add_paymentoverduenotice"
  }
},
{
  "model": "auth.permission",
  "fields": {
    "name": "Can change إنذار عدم سداد",
    "content_type": [
      "dashboard",
      "paymentoverduenotice"
    ],
    "codename": "change_paymentoverduenotice"
  }
},
{
  "model": "auth.permission",
  "fields": {
    "name": "Can delete إنذار عدم سداد",
    "content_type": [
      "dashboard",
      "paymentoverduenotice"
    ],
    "codename": "delete_paymentoverduenotice"
  }
},
{
  "model": "auth.permission",
  "fields": {
    "name": "Can view إنذار عدم سداد",
    "content_type": [
      "dashboard",
      "paymentoverduenotice"
    ],
    "codename": "view_paymentoverduenotice"
  }
},
{
  "model": "auth.permission",
  "fields": {
    "name": "Can add دفعة",
    "content_type": [
      "dashboard",
      "payment"
    ],
    "codename": "add_payment"
  }
},
{
  "model": "auth.permission",
  "fields": {
    "name": "Can change دفعة",
    "content_type": [
      "dashboard",
      "payment"
    ],
    "codename": "change_payment"
  }
},
{
  "model": "auth.permission",
  "fields": {
    "name": "Can delete دفعة",
    "content_type": [
      "dashboard",
      "payment"
    ],
    "codename": "delete_payment"
  }
},
{
  "model": "auth.permission",
  "fields": {
    "name": "Can view دفعة",
    "content_type": [
      "dashboard",
      "payment"
    ],
    "codename": "view_payment"
  }
},
{
  "model": "auth.permission",
  "fields": {
    "name": "Can add رمز التحقق",
    "content_type": [
      "dashboard",
      "otp"
    ],
    "codename": "add_otp"
  }
},
{
  "model": "auth.permission",
  "fields": {
    "name": "Can change رمز التحقق",
    "content_type": [
      "dashboard",
      "otp"
    ],
    "codename": "change_otp"
  }
},
{
  "model": "auth.permission",
  "fields": {
    "name": "Can delete رمز التحقق",
    "content_type": [
      "dashboard",
      "otp"
    ],
    "codename": "delete_otp"
  }
},
{
  "model": "auth.permission",
  "fields": {
    "name": "Can view رمز التحقق",
    "content_type": [
      "dashboard",
      "otp"
    ],
    "codename": "view_otp"
  }
},
{
  "model": "auth.permission",
  "fields": {
    "name": "Can add إشعار",
    "content_type": [
      "dashboard",
      "notification"
    ],
    "codename": "add_notification"
  }
},
{
  "model": "auth.permission",
  "fields": {
    "name": "Can change إشعار",
    "content_type": [
      "dashboard",
      "notification"
    ],
    "codename": "change_notification"
  }
},
{
  "model": "auth.permission",
  "fields": {
    "name": "Can delete إشعار",
    "content_type": [
      "dashboard",
      "notification"
    ],
    "codename": "delete_notification"
  }
},
{
  "model": "auth.permission",
  "fields": {
    "name": "Can view إشعار",
    "content_type": [
      "dashboard",
      "notification"
    ],
    "codename": "view_notification"
  }
},
{
  "model": "auth.permission",
  "fields": {
    "name": "Can add طلب صيانة",
    "content_type": [
      "dashboard",
      "maintenancerequest"
    ],
    "codename": "add_maintenancerequest"
  }
},
{
  "model": "auth.permission",
  "fields": {
    "name": "Can change طلب صيانة",
    "content_type": [
      "dashboard",
      "maintenancerequest"
    ],
    "codename": "change_maintenancerequest"
  }
},
{
  "model": "auth.permission",
  "fields": {
    "name": "Can delete طلب صيانة",
    "content_type": [
      "dashboard",
      "maintenancerequest"
    ],
    "codename": "delete_maintenancerequest"
  }
},
{
  "model": "auth.permission",
  "fields": {
    "name": "Can view طلب صيانة",
    "content_type": [
      "dashboard",
      "maintenancerequest"
    ],
    "codename": "view_maintenancerequest"
  }
},
{
  "model": "auth.permission",
  "fields": {
    "name": "Can add بند الفاتورة",
    "content_type": [
      "dashboard",
      "invoiceitem"
    ],
    "codename": "add_invoiceitem"
  }
},
{
  "model": "auth.permission",
  "fields": {
    "name": "Can change بند الفاتورة",
    "content_type": [
      "dashboard",
      "invoiceitem"
    ],
    "codename": "change_invoiceitem"
  }
},
{
  "model": "auth.permission",
  "fields": {
    "name": "Can delete بند الفاتورة",
    "content_type": [
      "dashboard",
      "invoiceitem"
    ],
    "codename": "delete_invoiceitem"
  }
},
{
  "model": "auth.permission",
  "fields": {
    "name": "Can view بند الفاتورة",
    "content_type": [
      "dashboard",
      "invoiceitem"
    ],
    "codename": "view_invoiceitem"
  }
},
{
  "model": "auth.permission",
  "fields": {
    "name": "Can add مصروف",
    "content_type": [
      "dashboard",
      "expense"
    ],
    "codename": "add_expense"
  }
},
{
  "model": "auth.permission",
  "fields": {
    "name": "Can change مصروف",
    "content_type": [
      "dashboard",
      "expense"
    ],
    "codename": "change_expense"
  }
},
{
  "model": "auth.permission",
  "fields": {
    "name": "Can delete مصروف",
    "content_type": [
      "dashboard",
      "expense"
    ],
    "codename": "delete_expense"
  }
},
{
  "model": "auth.permission",
  "fields": {
    "name": "Can view مصروف",
    "content_type": [
      "dashboard",
      "expense"
    ],
    "codename": "view_expense"
  }
},
{
  "model": "auth.permission",
  "fields": {
    "name": "Can add مستند",
    "content_type": [
      "dashboard",
      "document"
    ],
    "codename": "add_document"
  }
},
{
  "model": "auth.permission",
  "fields": {
    "name": "Can change مستند",
    "content_type": [
      "dashboard",
      "document"
    ],
    "codename": "change_document"
  }
},
{
  "model": "auth.permission",
  "fields": {
    "name": "Can delete مستند",
    "content_type": [
      "dashboard",
      "document"
    ],
    "codename": "delete_document"
  }
},
{
  "model": "auth.permission",
  "fields": {
    "name": "Can view مستند",
    "content_type": [
      "dashboard",
      "document"
    ],
    "codename": "view_document"
  }
},
{
  "model": "auth.permission",
  "fields": {
    "name": "Can add توزيع عمولة",
    "content_type": [
      "dashboard",
      "commissiondistribution"
    ],
    "codename": "add_commissiondistribution"
  }
},
{
  "model": "auth.permission",
  "fields": {
    "name": "Can change توزيع عمولة",
    "content_type": [
      "dashboard",
      "commissiondistribution"
    ],
    "codename": "change_commissiondistribution"
  }
},
{
  "model": "auth.permission",
  "fields": {
    "name": "Can delete توزيع عمولة",
    "content_type": [
      "dashboard",
      "commissiondistribution"
    ],
    "codename": "delete_commissiondistribution"
  }
},
{
  "model": "auth.permission",
  "fields": {
    "name": "Can view توزيع عمولة",
    "content_type": [
      "dashboard",
      "commissiondistribution"
    ],
    "codename": "view_commissiondistribution"
  }
},
{
  "model": "auth.permission",
  "fields": {
    "name": "Can add تفصيل تأخير دفعة",
    "content_type": [
      "dashboard",
      "paymentoverduedetail"
    ],
    "codename": "add_paymentoverduedetail"
  }
},
{
  "model": "auth.permission",
  "fields": {
    "name": "Can change تفصيل تأخير دفعة",
    "content_type": [
      "dashboard",
      "paymentoverduedetail"
    ],
    "codename": "change_paymentoverduedetail"
  }
},
{
  "model": "auth.permission",
  "fields": {
    "name": "Can delete تفصيل تأخير دفعة",
    "content_type": [
      "dashboard",
      "paymentoverduedetail"
    ],
    "codename": "delete_paymentoverduedetail"
  }
},
{
  "model": "auth.permission",
  "fields": {
    "name": "Can view تفصيل تأخير دفعة",
    "content_type": [
      "dashboard",
      "paymentoverduedetail"
    ],
    "codename": "view_paymentoverduedetail"
  }
},
{
  "model": "auth.permission",
  "fields": {
    "name": "Can add تذكير تجديد عقد",
    "content_type": [
      "dashboard",
      "leaserenewalreminder"
    ],
    "codename": "add_leaserenewalreminder"
  }
},
{
  "model": "auth.permission",
  "fields": {
    "name": "Can change تذكير تجديد عقد",
    "content_type": [
      "dashboard",
      "leaserenewalreminder"
    ],
    "codename": "change_leaserenewalreminder"
  }
},
{
  "model": "auth.permission",
  "fields": {
    "name": "Can delete تذكير تجديد عقد",
    "content_type": [
      "dashboard",
      "leaserenewalreminder"
    ],
    "codename": "delete_leaserenewalreminder"
  }
},
{
  "model": "auth.permission",
  "fields": {
    "name": "Can view تذكير تجديد عقد",
    "content_type": [
      "dashboard",
      "leaserenewalreminder"
    ],
    "codename": "view_leaserenewalreminder"
  }
},
{
  "model": "auth.permission",
  "fields": {
    "name": "Can add email address",
    "content_type": [
      "account",
      "emailaddress"
    ],
    "codename": "add_emailaddress"
  }
},
{
  "model": "auth.permission",
  "fields": {
    "name": "Can change email address",
    "content_type": [
      "account",
      "emailaddress"
    ],
    "codename": "change_emailaddress"
  }
},
{
  "model": "auth.permission",
  "fields": {
    "name": "Can delete email address",
    "content_type": [
      "account",
      "emailaddress"
    ],
    "codename": "delete_emailaddress"
  }
},
{
  "model": "auth.permission",
  "fields": {
    "name": "Can view email address",
    "content_type": [
      "account",
      "emailaddress"
    ],
    "codename": "view_emailaddress"
  }
},
{
  "model": "auth.permission",
  "fields": {
    "name": "Can add email confirmation",
    "content_type": [
      "account",
      "emailconfirmation"
    ],
    "codename": "add_emailconfirmation"
  }
},
{
  "model": "auth.permission",
  "fields": {
    "name": "Can change email confirmation",
    "content_type": [
      "account",
      "emailconfirmation"
    ],
    "codename": "change_emailconfirmation"
  }
},
{
  "model": "auth.permission",
  "fields": {
    "name": "Can delete email confirmation",
    "content_type": [
      "account",
      "emailconfirmation"
    ],
    "codename": "delete_emailconfirmation"
  }
},
{
  "model": "auth.permission",
  "fields": {
    "name": "Can view email confirmation",
    "content_type": [
      "account",
      "emailconfirmation"
    ],
    "codename": "view_emailconfirmation"
  }
},
{
  "model": "auth.permission",
  "fields": {
    "name": "Can add social account",
    "content_type": [
      "socialaccount",
      "socialaccount"
    ],
    "codename": "add_socialaccount"
  }
},
{
  "model": "auth.permission",
  "fields": {
    "name": "Can change social account",
    "content_type": [
      "socialaccount",
      "socialaccount"
    ],
    "codename": "change_socialaccount"
  }
},
{
  "model": "auth.permission",
  "fields": {
    "name": "Can delete social account",
    "content_type": [
      "socialaccount",
      "socialaccount"
    ],
    "codename": "delete_socialaccount"
  }
},
{
  "model": "auth.permission",
  "fields": {
    "name": "Can view social account",
    "content_type": [
      "socialaccount",
      "socialaccount"
    ],
    "codename": "view_socialaccount"
  }
},
{
  "model": "auth.permission",
  "fields": {
    "name": "Can add social application",
    "content_type": [
      "socialaccount",
      "socialapp"
    ],
    "codename": "add_socialapp"
  }
},
{
  "model": "auth.permission",
  "fields": {
    "name": "Can change social application",
    "content_type": [
      "socialaccount",
      "socialapp"
    ],
    "codename": "change_socialapp"
  }
},
{
  "model": "auth.permission",
  "fields": {
    "name": "Can delete social application",
    "content_type": [
      "socialaccount",
      "socialapp"
    ],
    "codename": "delete_socialapp"
  }
},
{
  "model": "auth.permission",
  "fields": {
    "name": "Can view social application",
    "content_type": [
      "socialaccount",
      "socialapp"
    ],
    "codename": "view_socialapp"
  }
},
{
  "model": "auth.permission",
  "fields": {
    "name": "Can add social application token",
    "content_type": [
      "socialaccount",
      "socialtoken"
    ],
    "codename": "add_socialtoken"
  }
},
{
  "model": "auth.permission",
  "fields": {
    "name": "Can change social application token",
    "content_type": [
      "socialaccount",
      "socialtoken"
    ],
    "codename": "change_socialtoken"
  }
},
{
  "model": "auth.permission",
  "fields": {
    "name": "Can delete social application token",
    "content_type": [
      "socialaccount",
      "socialtoken"
    ],
    "codename": "delete_socialtoken"
  }
},
{
  "model": "auth.permission",
  "fields": {
    "name": "Can view social application token",
    "content_type": [
      "socialaccount",
      "socialtoken"
    ],
    "codename": "view_socialtoken"
  }
},
{
  "model": "auth.permission",
  "fields": {
    "name": "Can view financial reports",
    "content_type": [
      "dashboard",
      "lease"
    ],
    "codename": "can_view_financial_reports"
  }
},
{
  "model": "auth.permission",
  "fields": {
    "name": "Can manage leases",
    "content_type": [
      "dashboard",
      "lease"
    ],
    "codename": "can_manage_leases"
  }
},
{
  "model": "auth.permission",
  "fields": {
    "name": "Can manage notices",
    "content_type": [
      "dashboard",
      "lease"
    ],
    "codename": "can_manage_notices"
  }
},
{
  "model": "auth.permission",
  "fields": {
    "name": "Can access settings",
    "content_type": [
      "dashboard",
      "lease"
    ],
    "codename": "can_access_settings"
  }
},
{
  "model": "auth.group",
  "fields": {
    "name": "System Admin",
    "permissions": [
      [
        "add_emailaddress",
        "account",
        "emailaddress"
      ],
      [
        "change_emailaddress",
        "account",
        "emailaddress"
      ],
      [
        "delete_emailaddress",
        "account",
        "emailaddress"
      ],
      [
        "view_emailaddress",
        "account",
        "emailaddress"
      ],
      [
        "add_emailconfirmation",
        "account",
        "emailconfirmation"
      ],
      [
        "change_emailconfirmation",
        "account",
        "emailconfirmation"
      ],
      [
        "delete_emailconfirmation",
        "account",
        "emailconfirmation"
      ],
      [
        "view_emailconfirmation",
        "account",
        "emailconfirmation"
      ],
      [
        "add_logentry",
        "admin",
        "logentry"
      ],
      [
        "change_logentry",
        "admin",
        "logentry"
      ],
      [
        "delete_logentry",
        "admin",
        "logentry"
      ],
      [
        "view_logentry",
        "admin",
        "logentry"
      ],
      [
        "add_group",
        "auth",
        "group"
      ],
      [
        "change_group",
        "auth",
        "group"
      ],
      [
        "delete_group",
        "auth",
        "group"
      ],
      [
        "view_group",
        "auth",
        "group"
      ],
      [
        "add_permission",
        "auth",
        "permission"
      ],
      [
        "change_permission",
        "auth",
        "permission"
      ],
      [
        "delete_permission",
        "auth",
        "permission"
      ],
      [
        "view_permission",
        "auth",
        "permission"
      ],
      [
        "add_user",
        "auth",
        "user"
      ],
      [
        "change_user",
        "auth",
        "user"
      ],
      [
        "delete_user",
        "auth",
        "user"
      ],
      [
        "view_user",
        "auth",
        "user"
      ],
      [
        "add_contenttype",
        "contenttypes",
        "contenttype"
      ],
      [
        "change_contenttype",
        "contenttypes",
        "contenttype"
      ],
      [
        "delete_contenttype",
        "contenttypes",
        "contenttype"
      ],
      [
        "view_contenttype",
        "contenttypes",
        "contenttype"
      ],
      [
        "add_building",
        "dashboard",
        "building"
      ],
      [
        "change_building",
        "dashboard",
        "building"
      ],
      [
        "delete_building",
        "dashboard",
        "building"
      ],
      [
        "view_building",
        "dashboard",
        "building"
      ],
      [
        "add_buildingowner",
        "dashboard",
        "buildingowner"
      ],
      [
        "change_buildingowner",
        "dashboard",
        "buildingowner"
      ],
      [
        "delete_buildingowner",
        "dashboard",
        "buildingowner"
      ],
      [
        "view_buildingowner",
        "dashboard",
        "buildingowner"
      ],
      [
        "add_commissionagreement",
        "dashboard",
        "commissionagreement"
      ],
      [
        "change_commissionagreement",
        "dashboard",
        "commissionagreement"
      ],
      [
        "delete_commissionagreement",
        "dashboard",
        "commissionagreement"
      ],
      [
        "view_commissionagreement",
        "dashboard",
        "commissionagreement"
      ],
      [
        "add_commissiondistribution",
        "dashboard",
        "commissiondistribution"
      ],
      [
        "change_commissiondistribution",
        "dashboard",
        "commissiondistribution"
      ],
      [
        "delete_commissiondistribution",
        "dashboard",
        "commissiondistribution"
      ],
      [
        "view_commissiondistribution",
        "dashboard",
        "commissiondistribution"
      ],
      [
        "add_company",
        "dashboard",
        "company"
      ],
      [
        "change_company",
        "dashboard",
        "company"
      ],
      [
        "delete_company",
        "dashboard",
        "company"
      ],
      [
        "view_company",
        "dashboard",
        "company"
      ],
      [
        "add_contracttemplate",
        "dashboard",
        "contracttemplate"
      ],
      [
        "change_contracttemplate",
        "dashboard",
        "contracttemplate"
      ],
      [
        "delete_contracttemplate",
        "dashboard",
        "contracttemplate"
      ],
      [
        "view_contracttemplate",
        "dashboard",
        "contracttemplate"
      ],
      [
        "add_document",
        "dashboard",
        "document"
      ],
      [
        "change_document",
        "dashboard",
        "document"
      ],
      [
        "delete_document",
        "dashboard",
        "document"
      ],
      [
        "view_document",
        "dashboard",
        "document"
      ],
      [
        "add_expense",
        "dashboard",
        "expense"
      ],
      [
        "change_expense",
        "dashboard",
        "expense"
      ],
      [
        "delete_expense",
        "dashboard",
        "expense"
      ],
      [
        "view_expense",
        "dashboard",
        "expense"
      ],
      [
        "add_invoice",
        "dashboard",
        "invoice"
      ],
      [
        "change_invoice",
        "dashboard",
        "invoice"
      ],
      [
        "delete_invoice",
        "dashboard",
        "invoice"
      ],
      [
        "view_invoice",
        "dashboard",
        "invoice"
      ],
      [
        "add_invoiceitem",
        "dashboard",
        "invoiceitem"
      ],
      [
        "change_invoiceitem",
        "dashboard",
        "invoiceitem"
      ],
      [
        "delete_invoiceitem",
        "dashboard",
        "invoiceitem"
      ],
      [
        "view_invoiceitem",
        "dashboard",
        "invoiceitem"
      ],
      [
        "add_lease",
        "dashboard",
        "lease"
      ],
      [
        "can_access_settings",
        "dashboard",
        "lease"
      ],
      [
        "can_manage_leases",
        "dashboard",
        "lease"
      ],
      [
        "can_manage_notices",
        "dashboard",
        "lease"
      ],
      [
        "can_view_financial_reports",
        "dashboard",
        "lease"
      ],
      [
        "change_lease",
        "dashboard",
        "lease"
      ],
      [
        "delete_lease",
        "dashboard",
        "lease"
      ],
      [
        "view_lease",
        "dashboard",
        "lease"
      ],
      [
        "add_leaserenewalreminder",
        "dashboard",
        "leaserenewalreminder"
      ],
      [
        "change_leaserenewalreminder",
        "dashboard",
        "leaserenewalreminder"
      ],
      [
        "delete_leaserenewalreminder",
        "dashboard",
        "leaserenewalreminder"
      ],
      [
        "view_leaserenewalreminder",
        "dashboard",
        "leaserenewalreminder"
      ],
      [
        "add_maintenancerequest",
        "dashboard",
        "maintenancerequest"
      ],
      [
        "change_maintenancerequest",
        "dashboard",
        "maintenancerequest"
      ],
      [
        "delete_maintenancerequest",
        "dashboard",
        "maintenancerequest"
      ],
      [
        "view_maintenancerequest",
        "dashboard",
        "maintenancerequest"
      ],
      [
        "add_noticetemplate",
        "dashboard",
        "noticetemplate"
      ],
      [
        "change_noticetemplate",
        "dashboard",
        "noticetemplate"
      ],
      [
        "delete_noticetemplate",
        "dashboard",
        "noticetemplate"
      ],
      [
        "view_noticetemplate",
        "dashboard",
        "noticetemplate"
      ],
      [
        "add_notification",
        "dashboard",
        "notification"
      ],
      [
        "change_notification",
        "dashboard",
        "notification"
      ],
      [
        "delete_notification",
        "dashboard",
        "notification"
      ],
      [
        "view_notification",
        "dashboard",
        "notification"
      ],
      [
        "add_otp",
        "dashboard",
        "otp"
      ],
      [
        "change_otp",
        "dashboard",
        "otp"
      ],
      [
        "delete_otp",
        "dashboard",
        "otp"
      ],
      [
        "view_otp",
        "dashboard",
        "otp"
      ],
      [
        "add_payment",
        "dashboard",
        "payment"
      ],
      [
        "change_payment",
        "dashboard",
        "payment"
      ],
      [
        "delete_payment",
        "dashboard",
        "payment"
      ],
      [
        "view_payment",
        "dashboard",
        "payment"
      ],
      [
        "add_paymentoverduedetail",
        "dashboard",
        "paymentoverduedetail"
      ],
      [
        "change_paymentoverduedetail",
        "dashboard",
        "paymentoverduedetail"
      ],
      [
        "delete_paymentoverduedetail",
        "dashboard",
        "paymentoverduedetail"
      ],
      [
        "view_paymentoverduedetail",
        "dashboard",
        "paymentoverduedetail"
      ],
      [
        "add_paymentoverduenotice",
        "dashboard",
        "paymentoverduenotice"
      ],
      [
        "change_paymentoverduenotice",
        "dashboard",
        "paymentoverduenotice"
      ],
      [
        "delete_paymentoverduenotice",
        "dashboard",
        "paymentoverduenotice"
      ],
      [
        "view_paymentoverduenotice",
        "dashboard",
        "paymentoverduenotice"
      ],
      [
        "add_realestateoffice",
        "dashboard",
        "realestateoffice"
      ],
      [
        "change_realestateoffice",
        "dashboard",
        "realestateoffice"
      ],
      [
        "delete_realestateoffice",
        "dashboard",
        "realestateoffice"
      ],
      [
        "view_realestateoffice",
        "dashboard",
        "realestateoffice"
      ],
      [
        "add_rentcollection",
        "dashboard",
        "rentcollection"
      ],
      [
        "change_rentcollection",
        "dashboard",
        "rentcollection"
      ],
      [
        "delete_rentcollection",
        "dashboard",
        "rentcollection"
      ],
      [
        "view_rentcollection",
        "dashboard",
        "rentcollection"
      ],
      [
        "add_securitydeposit",
        "dashboard",
        "securitydeposit"
      ],
      [
        "change_securitydeposit",
        "dashboard",
        "securitydeposit"
      ],
      [
        "delete_securitydeposit",
        "dashboard",
        "securitydeposit"
      ],
      [
        "view_securitydeposit",
        "dashboard",
        "securitydeposit"
      ],
      [
        "add_tenant",
        "dashboard",
        "tenant"
      ],
      [
        "change_tenant",
        "dashboard",
        "tenant"
      ],
      [
        "delete_tenant",
        "dashboard",
        "tenant"
      ],
      [
        "view_tenant",
        "dashboard",
        "tenant"
      ],
      [
        "add_unit",
        "dashboard",
        "unit"
      ],
      [
        "change_unit",
        "dashboard",
        "unit"
      ],
      [
        "delete_unit",
        "dashboard",
        "unit"
      ],
      [
        "view_unit",
        "dashboard",
        "unit"
      ],
      [
        "add_userprofile",
        "dashboard",
        "userprofile"
      ],
      [
        "change_userprofile",
        "dashboard",
        "userprofile"
      ],
      [
        "delete_userprofile",
        "dashboard",
        "userprofile"
      ],
      [
        "view_userprofile",
        "dashboard",
        "userprofile"
      ],
      [
        "add_session",
        "sessions",
        "session"
      ],
      [
        "change_session",
        "sessions",
        "session"
      ],
      [
        "delete_session",
        "sessions",
        "session"
      ],
      [
        "view_session",
        "sessions",
        "session"
      ],
      [
        "add_site",
        "sites",
        "site"
      ],
      [
        "change_site",
        "sites",
        "site"
      ],
      [
        "delete_site",
        "sites",
        "site"
      ],
      [
        "view_site",
        "sites",
        "site"
      ],
      [
        "add_socialaccount",
        "socialaccount",
        "socialaccount"
      ],
      [
        "change_socialaccount",
        "socialaccount",
        "socialaccount"
      ],
      [
        "delete_socialaccount",
        "socialaccount",
        "socialaccount"
      ],
      [
        "view_socialaccount",
        "socialaccount",
        "socialaccount"
      ],
      [
        "add_socialapp",
        "socialaccount",
        "socialapp"
      ],
      [
        "change_socialapp",
        "socialaccount",
        "socialapp"
      ],
      [
        "delete_socialapp",
        "socialaccount",
        "socialapp"
      ],
      [
        "view_socialapp",
        "socialaccount",
        "socialapp"
      ],
      [
        "add_socialtoken",
        "socialaccount",
        "socialtoken"
      ],
      [
        "change_socialtoken",
        "socialaccount",
        "socialtoken"
      ],
      [
        "delete_socialtoken",
        "socialaccount",
        "socialtoken"
      ],
      [
        "view_socialtoken",
        "socialaccount",
        "socialtoken"
      ]
    ]
  }
},
{
  "model": "auth.group",
  "fields": {
    "name": "Accountant",
    "permissions": [
      [
        "can_view_financial_reports",
        "dashboard",
        "lease"
      ],
      [
        "view_lease",
        "dashboard",
        "lease"
      ],
      [
        "add_payment",
        "dashboard",
        "payment"
      ],
      [
        "view_payment",
        "dashboard",
        "payment"
      ]
    ]
  }
},
{
  "model": "auth.group",
  "fields": {
    "name": "Data Entry",
    "permissions": [
      [
        "add_lease",
        "dashboard",
        "lease"
      ],
      [
        "can_manage_leases",
        "dashboard",
        "lease"
      ],
      [
        "change_lease",
        "dashboard",
        "lease"
      ],
      [
        "view_lease",
        "dashboard",
        "lease"
      ],
      [
        "add_tenant",
        "dashboard",
        "tenant"
      ],
      [
        "change_tenant",
        "dashboard",
        "tenant"
      ],
      [
        "view_tenant",
        "dashboard",
        "tenant"
      ]
    ]
  }
},
{
  "model": "auth.user",
  "fields": {
    "password": "pbkdf2_sha256$600000$LD0DKZ3zg0igc0BucB6yCi$VpKGqO+HRCpInIViccJQrW7E2+HvlacBmJRLul/+kPo=",
    "last_login": "2025-10-22T11:00:50.515Z",
    "is_superuser": true,
    "username": "admin",
    "first_name": "",
    "last_name": "",
    "email": "",
    "is_staff": true,
    "is_active": true,
    "date_joined": "2025-10-21T14:45:08.585Z",
    "groups": [],
    "user_permissions": []
  }
},
{
  "model": "auth.user",
  "fields": {
    "password": "pbkdf2_sha256$600000$6fuZdSLbJGiAeryRhPTzS6$fxfhXPu30CAP58wNPUEdgBLELOLFtdgufFupAgFbK3g=",
    "last_login": null,
    "is_superuser": false,
    "username": "archleogl",
    "first_name": "ايلين رافيلا للتجارة",
    "last_name": "",
    "email": "archleogl@gmail.com",
    "is_staff": false,
    "is_active": true,
    "date_joined": "2025-10-21T14:55:40.129Z",
    "groups": [],
    "user_permissions": []
  }
},
{
  "model": "auth.user",
  "fields": {
    "password": "pbkdf2_sha256$600000$H6BN7DQ32A8re9qb7kpgx1$2ofLnkw5BgBZgU47iyKaPOSjR3mBjkfnbQc4Ua6j86A=",
    "last_login": "2025-10-22T11:00:21.184Z",
    "is_superuser": false,
    "username": "user",
    "first_name": "",
    "last_name": "",
    "email": "",
    "is_staff": true,
    "is_active": true,
    "date_joined": "2025-10-21T19:25:32.078Z",
    "groups": [],
    "user_permissions": []
  }
},
{
  "model": "auth.user",
  "fields": {
    "password": "pbkdf2_sha256$600000$rd2w5XtEY5yDHvJlCh0xJS$PyS45pjWBy8JQ8cS44jHVYR0CXgWoU+ZH00oP3BSXQc=",
    "last_login": null,
    "is_superuser": false,
    "username": "salim",
    "first_name": "مسار للتنمية والتدريب",
    "last_name": "",
    "email": "salim@namaoman.com",
    "is_staff": false,
    "is_active": true,
    "date_joined": "2025-10-22T10:50:31.119Z",
    "groups": [],
    "user_permissions": []
  }
},
{
  "model": "dashboard.tenant",
  "pk": 1,
  "fields": {
    "user": [
      "archleogl"
    ],
    "name": "ايلين رافيلا للتجارة",
    "name_ar": "ايلين رافيلا للتجارة",
    "name_en": "Eileen Ravilla Trading",
    "tenant_type": "company",
    "phone": "٩٥٢٣١٦٣٠",
    "email": "archleogl@gmail.com",
    "authorized_signatory": "ايلين رافيل رافائيل",
    "authorized_signatory_ar": "ايلين رافيل رافائيل",
    "authorized_signatory_en": "Eileen Ravel Raphael",
    "rating": 3
  }
},
{
  "model": "dashboard.tenant",
  "pk": 2,
  "fields": {
    "user": [
      "salim"
    ],
    "name": "مسار للتنمية والتدريب",
    "name_ar": "مسار للتنمية والتدريب",
    "name_en": "A path for development and training",
    "tenant_type": "sole_proprietorship",
    "phone": "٩٥٥٨٧٧٧٧",
    "email": "salim@namaoman.com",
    "authorized_signatory": "محمد سالم سيف المعمري",
    "authorized_signatory_ar": "محمد سالم سيف المعمري",
    "authorized_signatory_en": "Muhammad Salem Saif Al-Maamari",
    "rating": 3
  }
},
{
  "model": "dashboard.notification",
  "pk": 1,
  "fields": {
    "user": [
      "admin"
    ],
    "message": "✅ تم دفع مبلغ 180.00 ر.ع كاملاً لشهر 6/2025 من العقد 2023/21314",
    "read": false,
    "timestamp": "2025-10-21T15:53:19.207Z",
    "content_type": [
      "dashboard",
      "paymentoverduenotice"
    ],
    "object_id": 1
  }
},
{
  "model": "dashboard.notification",
  "pk": 2,
  "fields": {
    "user": [
      "archleogl"
    ],
    "message": "تم استلام دفعة جزئية بمبلغ 100 ر.ع لشهر 5/2025. المبلغ المتبقي: 80.00 ر.ع",
    "read": false,
    "timestamp": "2025-10-21T15:54:41.177Z",
    "content_type": [
      "dashboard",
      "paymentoverduenotice"
    ],
    "object_id": 1
  }
},
{
  "model": "dashboard.notification",
  "pk": 3,
  "fields": {
    "user": [
      "admin"
    ],
    "message": "💰 دفعة جزئية: 100 ر.ع لشهر 5/2025 من العقد 2023/21314. المتبقي: 80.00 ر.ع",
    "read": false,
    "timestamp": "2025-10-21T15:54:41.184Z",
    "content_type": [
      "dashboard",
      "paymentoverduenotice"
    ],
    "object_id": 1
  }
},
{
  "model": "dashboard.userprofile",
  "pk": 1,
  "fields": {
    "user": [
      "archleogl"
    ],
    "phone_number": "",
    "first_name_english": "Aylyn Rafyla Lltjarh",
    "can_view_buildings": true,
    "can_manage_buildings": false,
    "can_view_units": true,
    "can_manage_units": false,
    "can_view_leases": true,
    "can_manage_leases": false,
    "can_view_tenants": true,
    "can_manage_tenants": false,
    "can_view_payments": false,
    "can_manage_payments": false,
    "can_view_invoices": false,
    "can_manage_invoices": false,
    "can_view_expenses": false,
    "can_manage_expenses": false,
    "can_view_notices": false,
    "can_manage_notices": false,
    "can_view_reports": false,
    "can_export_reports": false,
    "can_manage_users": false,
    "can_access_settings": false
  }
},
{
  "model": "dashboard.userprofile",
  "pk": 2,
  "fields": {
    "user": [
      "admin"
    ],
    "phone_number": null,
    "first_name_english": null,
    "can_view_buildings": true,
    "can_manage_buildings": false,
    "can_view_units": true,
    "can_manage_units": false,
    "can_view_leases": true,
    "can_manage_leases": false,
    "can_view_tenants": true,
    "can_manage_tenants": false,
    "can_view_payments": false,
    "can_manage_payments": false,
    "can_view_invoices": false,
    "can_manage_invoices": false,
    "can_view_expenses": false,
    "can_manage_expenses": false,
    "can_view_notices": false,
    "can_manage_notices": false,
    "can_view_reports": false,
    "can_export_reports": false,
    "can_manage_users": false,
    "can_access_settings": false
  }
},
{
  "model": "dashboard.userprofile",
  "pk": 3,
  "fields": {
    "user": [
      "user"
    ],
    "phone_number": "",
    "first_name_english": "",
    "can_view_buildings": true,
    "can_manage_buildings": false,
    "can_view_units": true,
    "can_manage_units": false,
    "can_view_leases": true,
    "can_manage_leases": false,
    "can_view_tenants": true,
    "can_manage_tenants": true,
    "can_view_payments": false,
    "can_manage_payments": false,
    "can_view_invoices": false,
    "can_manage_invoices": false,
    "can_view_expenses": false,
    "can_manage_expenses": false,
    "can_view_notices": false,
    "can_manage_notices": false,
    "can_view_reports": false,
    "can_export_reports": false,
    "can_manage_users": false,
    "can_access_settings": false
  }
},
{
  "model": "dashboard.userprofile",
  "pk": 4,
  "fields": {
    "user": [
      "salim"
    ],
    "phone_number": null,
    "first_name_english": null,
    "can_view_buildings": true,
    "can_manage_buildings": false,
    "can_view_units": true,
    "can_manage_units": false,
    "can_view_leases": true,
    "can_manage_leases": false,
    "can_view_tenants": true,
    "can_manage_tenants": false,
    "can_view_payments": false,
    "can_manage_payments": false,
    "can_view_invoices": false,
    "can_manage_invoices": false,
    "can_view_expenses": false,
    "can_manage_expenses": false,
    "can_view_notices": false,
    "can_manage_notices": false,
    "can_view_reports": false,
    "can_export_reports": false,
    "can_manage_users": false,
    "can_access_settings": false
  }
}
]
